departamento,municipio,anio,area_sembrada_ha,area_cosechada_ha,produccion_t,rendimiento_t_ha,rendimiento_kg_ha
Quindio,Calarca,2007,4736.0,3776.0,4744.0,1.26,1256.3559322033898
Quindio,Quimbaya,2007,3610.0,2964.0,4164.0,1.4,1404.8582995951417
Quindio,Pijao,2007,2626.0,2368.0,2585.0,1.09,1091.6385135135135
Quindio,Filandia,2007,2289.0,1920.0,2722.0,1.42,1417.7083333333333
Quindio,Circasia,2007,2237.0,1874.0,2379.0,1.27,1269.4770544290288
Quindio,Armenia,2007,2103.0,1820.0,2608.0,1.43,1432.967032967033
Quindio,Cordoba,2007,1517.0,1328.0,1375.0,1.04,1035.3915662650602
Quindio,Buenavista,2007,1137.0,990.0,1274.0,1.29,1286.8686868686868
Quindio,Montenegro,2007,1113.0,930.0,1413.0,1.52,1519.3548387096773
Quindio,Genova,2007,1043.0,931.0,886.0,0.95,951.6648764769066
Quindio,Salento,2007,677.0,611.0,589.0,0.96,963.9934533551555
Quindio,La Tebaida,2007,482.0,392.0,687.0,1.75,1752.5510204081634
Quindio,Calarca,2008,4664.0,3711.0,4410.0,1.19,1188.3589329021827
Quindio,Quimbaya,2008,3556.0,2924.0,3886.0,1.33,1329.001367989056
Quindio,Pijao,2008,2586.0,2330.0,2406.0,1.03,1032.618025751073
Quindio,Filandia,2008,2255.0,1902.0,2551.0,1.34,1341.2197686645636
Quindio,Circasia,2008,2203.0,1807.0,2170.0,1.2,1200.885445489762
Quindio,Armenia,2008,2071.0,1820.0,2467.0,1.36,1355.4945054945056
Quindio,Cordoba,2008,1494.0,1307.0,1281.0,0.98,980.1071155317521
Quindio,Buenavista,2008,1120.0,955.0,1163.0,1.22,1217.8010471204188
Quindio,Montenegro,2008,1096.0,944.0,1357.0,1.44,1437.5
Quindio,Genova,2008,1027.0,916.0,825.0,0.9,900.6550218340611
Quindio,Salento,2008,667.0,576.0,525.0,0.91,911.4583333333334
Quindio,La Tebaida,2008,475.0,379.0,628.0,1.66,1656.9920844327178
Quindio,Calarca,2009,4594.0,3898.0,4430.0,1.14,1136.4802462801438
Quindio,Quimbaya,2009,3502.0,2727.0,3466.0,1.27,1270.993766043271
Quindio,Pijao,2009,2547.0,2278.0,2250.0,0.99,987.7085162423178
Quindio,Filandia,2009,2221.0,1837.0,2356.0,1.28,1282.5258573761569
Quindio,Circasia,2009,2170.0,1801.0,2069.0,1.15,1148.8062187673515
Quindio,Armenia,2009,2040.0,1643.0,2130.0,1.3,1296.4090079123555
Quindio,Cordoba,2009,1471.0,1226.0,1149.0,0.94,937.1941272430669
Quindio,Buenavista,2009,1103.0,975.0,1135.0,1.16,1164.1025641025642
Quindio,Montenegro,2009,1079.0,866.0,1190.0,1.37,1374.1339491916858
Quindio,Genova,2009,1011.0,854.0,735.0,0.86,860.655737704918
Quindio,Salento,2009,657.0,598.0,522.0,0.87,872.9096989966555
Quindio,La Tebaida,2009,468.0,349.0,553.0,1.58,1584.5272206303725
Quindio,Calarca,2010,4509.0,3624.0,3825.0,1.06,1055.4635761589404
Quindio,Quimbaya,2010,3437.0,2690.0,3472.0,1.29,1290.7063197026023
Quindio,Pijao,2010,2500.0,2173.0,2270.0,1.04,1044.6387482742753
Quindio,Filandia,2010,2180.0,1745.0,2077.0,1.19,1190.2578796561604
Quindio,Circasia,2010,2130.0,1752.0,2176.0,1.24,1242.0091324200914
Quindio,Armenia,2010,2002.0,1541.0,1988.0,1.29,1290.0713822193381
Quindio,Cordoba,2010,1444.0,1168.0,1190.0,1.02,1018.8356164383562
Quindio,Buenavista,2010,1083.0,940.0,1202.0,1.28,1278.723404255319
Quindio,Montenegro,2010,1059.0,834.0,1192.0,1.43,1429.2565947242206
Quindio,Genova,2010,993.0,787.0,732.0,0.93,930.1143583227446
Quindio,Salento,2010,644.0,566.0,448.0,0.79,791.5194346289753
Quindio,La Tebaida,2010,459.0,339.0,493.0,1.45,1454.2772861356932
Quindio,Calarca,2011,5081.0,3367.0,4022.0,1.19,1194.5351945351945
Quindio,Genova,2011,4870.0,2798.0,2160.0,0.77,771.9799857040744
Quindio,Quimbaya,2011,3775.0,2575.0,3089.0,1.2,1199.611650485437
Quindio,Pijao,2011,3385.0,2018.0,1751.0,0.87,867.6907829534192
Quindio,Circasia,2011,2707.0,2072.0,2483.0,1.2,1198.3590733590734
Quindio,Filandia,2011,2502.0,1641.0,1471.0,0.9,896.4046313223644
Quindio,Armenia,2011,2453.0,1764.0,2116.0,1.2,1199.546485260771
Quindio,Cordoba,2011,2154.0,1320.0,1174.0,0.89,889.3939393939394
Quindio,Montenegro,2011,1608.0,1060.0,1056.0,1.0,996.2264150943396
Quindio,Buenavista,2011,1244.0,781.0,777.0,1.0,994.8783610755441
Quindio,Salento,2011,655.0,340.0,271.0,0.8,797.0588235294117
Quindio,La Tebaida,2011,647.0,404.0,444.0,1.1,1099.009900990099
Quindio,Calarca,2012,4978.0,3322.0,3594.0,1.08,1081.8783865141481
Quindio,Genova,2012,4784.0,3780.0,2384.0,0.63,630.6878306878307
Quindio,Quimbaya,2012,3623.0,2304.0,2301.0,1.0,998.6979166666666
Quindio,Pijao,2012,3270.0,2630.0,1972.0,0.75,749.8098859315589
Quindio,Circasia,2012,2550.0,1789.0,1428.0,0.8,798.2112912241475
Quindio,Filandia,2012,2430.0,1657.0,1318.0,0.8,795.4133977066989
Quindio,Armenia,2012,2333.0,1477.0,1473.0,1.0,997.291807718348
Quindio,Cordoba,2012,2103.0,1640.0,1398.0,0.85,852.439024390244
Quindio,Montenegro,2012,1580.0,903.0,809.0,0.9,895.9025470653378
Quindio,Buenavista,2012,1244.0,806.0,632.0,0.78,784.1191066997519
Quindio,La Tebaida,2012,653.0,339.0,373.0,1.1,1100.2949852507375
Quindio,Salento,2012,633.0,463.0,347.0,0.75,749.4600431965442
Quindio,Calarca,2013,4668.0,3216.0,3630.0,1.13,1128.7313432835822
Quindio,Genova,2013,4524.0,3632.0,2705.0,0.74,744.7687224669603
Quindio,Quimbaya,2013,3472.0,2387.0,2540.0,1.06,1064.0971931294512
Quindio,Pijao,2013,3265.0,2635.0,2440.0,0.93,925.9962049335863
Quindio,Circasia,2013,2469.0,1803.0,1919.0,1.06,1064.3372157515253
Quindio,Filandia,2013,2292.0,1713.0,1641.0,0.96,957.968476357268
Quindio,Armenia,2013,2280.0,1565.0,1665.0,1.06,1063.8977635782749
Quindio,Cordoba,2013,2021.0,1610.0,1542.0,0.96,957.7639751552795
Quindio,Montenegro,2013,1485.0,958.0,1019.0,1.06,1063.6743215031315
Quindio,Buenavista,2013,1198.0,845.0,719.0,0.85,850.887573964497
Quindio,Salento,2013,614.0,476.0,355.0,0.74,745.7983193277311
Quindio,La Tebaida,2013,590.0,362.0,424.0,1.17,1171.2707182320441
Quindio,Calarca,2014,4432.0,3438.0,4196.0,1.22,1220.477021524142
Quindio,Genova,2014,4396.0,3749.0,3019.0,0.81,805.2814083755668
Quindio,Quimbaya,2014,3274.0,2222.0,2557.0,1.15,1150.7650765076507
Quindio,Pijao,2014,3186.0,2644.0,2647.0,1.0,1001.1346444780636
Quindio,Circasia,2014,2339.0,1834.0,2110.0,1.15,1150.4907306434025
Quindio,Armenia,2014,2220.0,1480.0,1703.0,1.15,1150.6756756756756
Quindio,Filandia,2014,2136.0,1746.0,1808.0,1.04,1035.5097365406643
Quindio,Cordoba,2014,1908.0,1615.0,1673.0,1.04,1035.9133126934985
Quindio,Montenegro,2014,1432.0,984.0,1132.0,1.15,1150.4065040650407
Quindio,Buenavista,2014,1170.0,907.0,835.0,0.92,920.6174200661521
Quindio,Salento,2014,595.0,498.0,401.0,0.81,805.2208835341365
Quindio,La Tebaida,2014,584.0,345.0,437.0,1.27,1266.6666666666667
Quindio,Calarca,2015,4373.0,3497.0,4081.0,1.17,1167.0002859593938
Quindio,Genova,2015,4373.0,3719.0,3785.0,1.02,1017.7467061037913
Quindio,Quimbaya,2015,3183.0,2179.0,3064.0,1.41,1406.149609912804
Quindio,Pijao,2015,3142.0,2678.0,2620.0,0.98,978.3420463032113
Quindio,Circasia,2015,2246.0,1800.0,2097.0,1.16,1165.0
Quindio,Armenia,2015,2188.0,1436.0,2097.0,1.46,1460.3064066852369
Quindio,Filandia,2015,2079.0,1787.0,1914.0,1.07,1071.0688304420817
Quindio,Cordoba,2015,1723.0,1478.0,1525.0,1.03,1031.7997293640053
Quindio,Montenegro,2015,1404.0,1041.0,1354.0,1.3,1300.6724303554274
Quindio,Buenavista,2015,1156.0,952.0,1076.0,1.13,1130.2521008403362
Quindio,La Tebaida,2015,581.0,443.0,563.0,1.27,1270.880361173815
Quindio,Salento,2015,577.0,482.0,518.0,1.07,1074.688796680498
Quindio,Genova,2016,4283.0,3572.0,3760.0,1.05,1052.6315789473683
Quindio,Calarca,2016,4003.0,3138.0,3788.0,1.21,1207.138304652645
Quindio,Quimbaya,2016,3018.0,2025.0,2946.0,1.45,1454.8148148148148
Quindio,Pijao,2016,2870.0,2398.0,2426.0,1.01,1011.6763969974979
Quindio,Circasia,2016,2163.0,1699.0,2047.0,1.2,1204.8263684520307
Quindio,Armenia,2016,2016.0,1297.0,1959.0,1.51,1510.408635312259
Quindio,Filandia,2016,1990.0,1676.0,1857.0,1.11,1107.9952267303102
Quindio,Cordoba,2016,1671.0,1405.0,1499.0,1.07,1066.9039145907473
Quindio,Montenegro,2016,1352.0,983.0,1322.0,1.34,1344.8626653102747
Quindio,Buenavista,2016,1112.0,897.0,1050.0,1.17,1170.5685618729096
Quindio,Salento,2016,671.0,550.0,610.0,1.11,1109.090909090909
Quindio,La Tebaida,2016,536.0,400.0,527.0,1.32,1317.5
Quindio,Genova,2017,3867.0,3056.0,3347.0,1.1,1095.2225130890051
Quindio,Calarca,2017,3823.0,2779.0,2845.0,1.02,1023.7495501979129
Quindio,Quimbaya,2017,2904.0,1990.0,2505.0,1.26,1258.7939698492462
Quindio,Pijao,2017,2269.0,1915.0,2017.0,1.05,1053.2637075718017
Quindio,Circasia,2017,2036.0,1497.0,1892.0,1.26,1263.8610554442218
Quindio,Armenia,2017,1904.0,1307.0,1355.0,1.04,1036.72532517215
Quindio,Filandia,2017,1867.0,1419.0,1196.0,0.84,842.8470754052149
Quindio,Cordoba,2017,1585.0,1222.0,1029.0,0.84,842.0621931260229
Quindio,Montenegro,2017,1268.0,886.0,896.0,1.01,1011.2866817155756
Quindio,Buenavista,2017,1066.0,708.0,728.0,1.03,1028.2485875706216
Quindio,Salento,2017,644.0,545.0,597.0,1.1,1095.4128440366972
Quindio,La Tebaida,2017,523.0,376.0,383.0,1.02,1018.6170212765958
Quindio,Calarca,2018,3594.0,2763.0,2893.0,1.05,1047.050307636627
Quindio,Genova,2018,3391.0,2796.0,3132.0,1.12,1120.1716738197424
Quindio,Quimbaya,2018,2710.0,1765.0,2273.0,1.29,1287.8186968838527
Quindio,Circasia,2018,1902.0,1448.0,1872.0,1.29,1292.8176795580112
Quindio,Armenia,2018,1868.0,1235.0,1310.0,1.06,1060.7287449392713
Quindio,Filandia,2018,1813.0,1375.0,1185.0,0.86,861.8181818181819
Quindio,Pijao,2018,1583.0,1344.0,1448.0,1.08,1077.3809523809523
Quindio,Cordoba,2018,1510.0,1229.0,1059.0,0.86,861.6761594792514
Quindio,Montenegro,2018,1213.0,810.0,837.0,1.03,1033.3333333333333
Quindio,Buenavista,2018,1013.0,734.0,771.0,1.05,1050.408719346049
Quindio,Salento,2018,634.0,560.0,628.0,1.12,1121.4285714285713
Quindio,La Tebaida,2018,516.0,316.0,330.0,1.04,1044.3037974683543
Narino,La Union,2007,4424.0,3684.0,7000.0,1.9,1900.1085776330076
Narino,San Lorenzo,2007,2680.0,1796.0,2712.0,1.51,1510.022271714922
Narino,Colon,2007,2205.0,1788.0,2682.0,1.5,1500.0
Narino,Buesaco,2007,1950.0,1800.0,1710.0,0.95,950.0
Narino,Consaca,2007,1650.0,1637.0,1637.0,1.0,1000.0
Narino,Alban,2007,1472.0,1005.0,1440.0,1.43,1432.8358208955224
Narino,Sandona,2007,1468.0,1327.0,1991.0,1.5,1500.3767897513187
Narino,Taminango,2007,1355.0,1225.0,1139.0,0.93,929.795918367347
Narino,Samaniego,2007,1215.0,1185.0,1185.0,1.0,1000.0
Narino,La Florida,2007,1211.0,1026.0,1231.0,1.2,1199.805068226121
Narino,Arboleda,2007,1040.0,1040.0,1248.0,1.2,1200.0
Narino,Los Andes,2007,959.0,869.0,873.0,1.0,1004.6029919447641
Narino,San Pablo,2007,850.0,850.0,1445.0,1.7,1700.0
Narino,Linares,2007,670.0,640.0,768.0,1.2,1200.0
Narino,El Tablon,2007,650.0,570.0,622.0,1.09,1091.2280701754387
Narino,Leiva,2007,576.0,476.0,571.0,1.2,1199.579831932773
Narino,El Rosario,2007,516.0,466.0,326.0,0.7,699.5708154506437
Narino,El Tambo,2007,491.0,461.0,461.0,1.0,1000.0
Narino,Chachagui,2007,447.0,427.0,417.0,0.98,976.5807962529274
Narino,El Peñol,2007,390.0,380.0,380.0,1.0,1000.0
Narino,San Pedro De Cartago,2007,385.0,319.0,415.0,1.3,1300.9404388714734
Narino,Ancuya,2007,280.0,255.0,288.0,1.13,1129.4117647058824
Narino,San Bernardo,2007,229.0,218.0,188.0,0.86,862.3853211009174
Narino,Pasto,2007,220.0,180.0,260.0,1.44,1444.4444444444443
Narino,Policarpa,2007,180.0,100.0,70.0,0.7,700.0
Narino,Santacruz,2007,164.0,152.0,182.0,1.2,1197.3684210526317
Narino,Yacuanquer,2007,135.0,127.0,125.0,0.98,984.2519685039371
Narino,Guaitarilla,2007,98.0,91.0,81.0,0.89,890.1098901098901
Narino,Providencia,2007,76.0,76.0,69.0,0.9,907.8947368421053
Narino,La Cruz,2007,75.0,73.0,58.0,0.8,794.5205479452055
Narino,Cumbitara,2007,56.0,46.0,37.0,0.8,804.3478260869565
Narino,Mallama,2007,56.0,41.0,27.0,0.65,658.5365853658536
Narino,La Llanada,2007,38.0,32.0,47.0,1.5,1468.75
Narino,Belen,2007,36.0,33.0,30.0,0.9,909.0909090909091
Narino,Tangua,2007,35.0,25.0,13.0,0.5,520.0
Narino,Funes,2007,34.0,26.0,29.0,1.1,1115.3846153846155
Narino,Nariño,2007,16.0,13.0,14.0,1.1,1076.923076923077
Narino,La Union,2008,4480.0,4300.0,7095.0,1.65,1650.0
Narino,San Lorenzo,2008,2900.0,2062.0,2681.0,1.3,1300.1939864209505
Narino,Colon,2008,2300.0,2201.0,3302.0,1.5,1500.2271694684234
Narino,Buesaco,2008,2000.0,1850.0,1850.0,1.0,1000.0
Narino,Consaca,2008,1729.0,1449.0,2029.0,1.4,1400.2760524499654
Narino,Alban,2008,1498.0,1400.0,1960.0,1.4,1400.0
Narino,Sandona,2008,1498.0,1100.0,1235.0,1.12,1122.7272727272727
Narino,Taminango,2008,1398.0,1203.0,1022.0,0.85,849.5428096425603
Narino,La Florida,2008,1225.0,1025.0,718.0,0.7,700.4878048780488
Narino,Samaniego,2008,1215.0,1115.0,851.0,0.76,763.2286995515695
Narino,Arboleda,2008,1140.0,1040.0,1368.0,1.32,1315.3846153846155
Narino,Los Andes,2008,1039.0,869.0,887.0,1.02,1020.7134637514384
Narino,El Rosario,2008,980.0,260.0,182.0,0.7,700.0
Narino,San Pablo,2008,870.0,850.0,1020.0,1.2,1200.0
Narino,El Tablon,2008,800.0,670.0,670.0,1.0,1000.0
Narino,Linares,2008,706.0,641.0,769.0,1.2,1199.687987519501
Narino,El Tambo,2008,591.0,491.0,491.0,1.0,1000.0
Narino,Leiva,2008,582.0,476.0,571.0,1.2,1199.579831932773
Narino,Chachagui,2008,462.0,417.0,417.0,1.0,1000.0
Narino,El Peñol,2008,440.0,390.0,390.0,1.0,1000.0
Narino,San Pedro De Cartago,2008,369.0,319.0,415.0,1.3,1300.9404388714734
Narino,Ancuya,2008,290.0,260.0,130.0,0.5,500.0
Narino,Pasto,2008,229.0,180.0,252.0,1.4,1400.0
Narino,San Bernardo,2008,226.0,215.0,215.0,1.0,1000.0
Narino,Policarpa,2008,190.0,100.0,100.0,1.0,1000.0
Narino,Cumbitara,2008,180.0,50.0,50.0,1.0,1000.0
Narino,Santacruz,2008,155.0,144.0,115.0,0.8,798.6111111111111
Narino,Yacuanquer,2008,145.0,117.0,129.0,1.1,1102.5641025641025
Narino,Guaitarilla,2008,111.0,90.0,59.0,0.65,655.5555555555555
Narino,La Cruz,2008,81.0,74.0,59.0,0.8,797.2972972972973
Narino,La Llanada,2008,74.0,38.0,57.0,1.5,1500.0
Narino,Funes,2008,64.0,29.0,33.0,1.14,1137.9310344827586
Narino,Mallama,2008,59.0,56.0,56.0,1.0,1000.0
Narino,Providencia,2008,55.0,30.0,24.0,0.8,800.0
Narino,Nariño,2008,48.0,14.0,14.0,1.0,1000.0
Narino,Belen,2008,38.0,32.0,29.0,0.9,906.25
Narino,Tangua,2008,37.0,13.0,6.0,0.5,461.53846153846155
Narino,Imues,2008,16.0,13.0,14.0,1.08,1076.923076923077
Narino,La Union,2009,4442.0,3782.0,4338.0,1.15,1147.0121628767847
Narino,San Lorenzo,2009,3125.0,2700.0,2700.0,1.0,1000.0
Narino,Colon,2009,2490.0,2200.0,2458.0,1.12,1117.2727272727273
Narino,Buesaco,2009,2035.0,1785.0,1250.0,0.7,700.2801120448179
Narino,Consaca,2009,1754.0,1449.0,1739.0,1.2,1200.1380262249827
Narino,Samaniego,2009,1725.0,1215.0,851.0,0.7,700.4115226337449
Narino,Sandona,2009,1528.0,1132.0,1698.0,1.5,1500.0
Narino,Alban,2009,1524.0,1470.0,2205.0,1.5,1500.0
Narino,Taminango,2009,1380.0,960.0,1248.0,1.3,1300.0
Narino,Arboleda,2009,1340.0,1040.0,1040.0,1.0,1000.0
Narino,La Florida,2009,1225.0,1025.0,1230.0,1.2,1200.0
Narino,Los Andes,2009,1059.0,959.0,593.0,0.62,618.3524504692388
Narino,El Rosario,2009,980.0,513.0,515.0,1.0,1003.8986354775828
Narino,San Pablo,2009,870.0,820.0,820.0,1.0,1000.0
Narino,El Tablon,2009,820.0,770.0,770.0,1.0,1000.0
Narino,Linares,2009,742.0,670.0,611.0,0.91,911.9402985074627
Narino,El Tambo,2009,651.0,571.0,379.0,0.66,663.7478108581436
Narino,Leiva,2009,630.0,580.0,696.0,1.2,1200.0
Narino,Chachagui,2009,467.0,447.0,224.0,0.5,501.1185682326622
Narino,El Peñol,2009,460.0,390.0,390.0,1.0,1000.0
Narino,San Pedro De Cartago,2009,363.0,358.0,430.0,1.2,1201.1173184357542
Narino,San Bernardo,2009,236.0,220.0,198.0,0.9,900.0
Narino,Pasto,2009,234.0,220.0,312.0,1.42,1418.1818181818182
Narino,Policarpa,2009,210.0,170.0,34.0,0.2,200.0
Narino,Ancuya,2009,205.0,178.0,36.0,0.2,202.24719101123594
Narino,Cumbitara,2009,180.0,100.0,100.0,1.0,1000.0
Narino,Santacruz,2009,155.0,155.0,109.0,0.7,703.2258064516129
Narino,Yacuanquer,2009,150.0,135.0,122.0,0.9,903.7037037037037
Narino,Guaitarilla,2009,139.0,86.0,52.0,0.6,604.6511627906976
Narino,La Cruz,2009,84.0,79.0,63.0,0.8,797.4683544303797
Narino,La Llanada,2009,74.0,38.0,38.0,1.0,1000.0
Narino,Funes,2009,68.0,58.0,63.0,1.09,1086.2068965517242
Narino,Mallama,2009,58.0,57.0,68.0,1.2,1192.982456140351
Narino,Nariño,2009,48.0,16.0,6.0,0.38,375.0
Narino,Belen,2009,39.0,37.0,33.0,0.9,891.8918918918919
Narino,Tangua,2009,37.0,32.0,29.0,0.9,906.25
Narino,Providencia,2009,35.0,30.0,24.0,0.8,800.0
Narino,Imues,2009,20.0,15.0,14.0,0.9,933.3333333333334
Narino,Cumbal,2009,9.0,5.0,4.0,0.7,800.0
Narino,La Union,2010,3554.0,2814.0,3377.0,1.2,1200.0710732054015
Narino,Colon,2010,3412.0,2357.0,2318.0,0.98,983.4535426389479
Narino,San Lorenzo,2010,3080.0,1580.0,1738.0,1.1,1100.0
Narino,Buesaco,2010,2420.0,1940.0,1940.0,1.0,1000.0
Narino,Consaca,2010,1799.0,819.0,737.0,0.9,899.8778998778998
Narino,Samaniego,2010,1737.0,1215.0,851.0,0.7,700.4115226337449
Narino,Alban,2010,1515.0,1250.0,1875.0,1.5,1500.0
Narino,Sandona,2010,1489.0,1132.0,1358.0,1.2,1199.6466431095407
Narino,Arboleda,2010,1460.0,1140.0,798.0,0.7,700.0
Narino,El Rosario,2010,1362.0,972.0,875.0,0.9,900.2057613168724
Narino,La Florida,2010,1239.0,1039.0,1247.0,1.2,1200.1924927815207
Narino,Taminango,2010,990.0,580.0,1044.0,1.8,1800.0
Narino,San Pablo,2010,900.0,590.0,708.0,1.2,1200.0
Narino,El Tablon,2010,845.0,760.0,760.0,1.0,1000.0
Narino,Linares,2010,755.0,670.0,651.0,0.97,971.6417910447761
Narino,Los Andes,2010,724.0,604.0,302.0,0.5,500.0
Narino,Leiva,2010,637.0,587.0,704.0,1.2,1199.3185689948893
Narino,El Tambo,2010,601.0,571.0,343.0,0.6,600.7005253940455
Narino,El Peñol,2010,510.0,440.0,460.0,1.05,1045.4545454545455
Narino,Chachagui,2010,477.0,427.0,427.0,1.0,1000.0
Narino,Policarpa,2010,360.0,190.0,84.0,0.44,442.10526315789474
Narino,San Pedro De Cartago,2010,353.0,313.0,313.0,1.0,1000.0
Narino,Pasto,2010,234.0,219.0,329.0,1.5,1502.283105022831
Narino,Ancuya,2010,213.0,178.0,213.0,1.2,1196.629213483146
Narino,Cumbitara,2010,180.0,140.0,126.0,0.9,900.0
Narino,Santacruz,2010,159.0,151.0,227.0,1.5,1503.3112582781457
Narino,Yacuanquer,2010,151.0,131.0,157.0,1.2,1198.473282442748
Narino,Guaitarilla,2010,146.0,135.0,83.0,0.61,614.8148148148148
Narino,San Bernardo,2010,141.0,105.0,95.0,0.9,904.7619047619048
Narino,La Cruz,2010,89.0,84.0,67.0,0.8,797.6190476190476
Narino,Funes,2010,78.0,64.0,83.0,1.3,1296.875
Narino,La Llanada,2010,68.0,64.0,64.0,1.0,1000.0
Narino,Mallama,2010,66.0,59.0,59.0,1.0,1000.0
Narino,Tangua,2010,51.0,37.0,34.0,0.91,918.918918918919
Narino,Nariño,2010,44.0,42.0,38.0,0.9,904.7619047619048
Narino,Belen,2010,41.0,29.0,37.0,1.28,1275.8620689655172
Narino,Providencia,2010,35.0,30.0,24.0,0.8,800.0
Narino,Ipiales,2010,23.0,18.0,23.0,1.3,1277.7777777777778
Narino,Imues,2010,20.0,18.0,19.0,1.05,1055.5555555555557
Narino,Cumbal,2010,9.0,9.0,6.0,0.7,666.6666666666666
Narino,Ricaurte,2010,4.0,3.0,2.0,0.7,666.6666666666666
Narino,Colon,2011,4447.0,2997.0,2997.0,1.0,1000.0
Narino,La Union,2011,4035.0,2035.0,2442.0,1.2,1200.0
Narino,San Lorenzo,2011,3080.0,1380.0,1380.0,1.0,1000.0
Narino,Buesaco,2011,2780.0,2140.0,2140.0,1.0,1000.0
Narino,Samaniego,2011,2150.0,1450.0,1015.0,0.7,700.0
Narino,Consaca,2011,1841.0,1705.0,1705.0,1.0,1000.0
Narino,El Rosario,2011,1702.0,1052.0,842.0,0.8,800.3802281368821
Narino,Alban,2011,1565.0,1375.0,2063.0,1.5,1500.3636363636363
Narino,Arboleda,2011,1410.0,160.0,112.0,0.7,700.0
Narino,Taminango,2011,1350.0,1250.0,1250.0,1.0,1000.0
Narino,Sandona,2011,1291.0,1072.0,751.0,0.7,700.5597014925373
Narino,La Florida,2011,1239.0,1224.0,1591.0,1.3,1299.8366013071895
Narino,El Tablon,2011,886.0,776.0,776.0,1.0,1000.0
Narino,Linares,2011,810.0,700.0,630.0,0.9,900.0
Narino,Los Andes,2011,724.0,654.0,523.0,0.8,799.6941896024465
Narino,Leiva,2011,647.0,443.0,443.0,1.0,1000.0
Narino,El Peñol,2011,600.0,570.0,570.0,1.0,1000.0
Narino,El Tambo,2011,590.0,490.0,196.0,0.4,400.0
Narino,Policarpa,2011,500.0,419.0,419.0,1.0,1000.0
Narino,Chachagui,2011,472.0,407.0,407.0,1.0,1000.0
Narino,San Pedro De Cartago,2011,373.0,348.0,348.0,1.0,1000.0
Narino,Pasto,2011,234.0,219.0,263.0,1.2,1200.9132420091323
Narino,San Pablo,2011,220.0,210.0,189.0,0.9,900.0
Narino,Ancuya,2011,213.0,184.0,147.0,0.8,798.9130434782609
Narino,Santacruz,2011,184.0,150.0,90.0,0.6,600.0
Narino,Cumbitara,2011,165.0,130.0,117.0,0.9,900.0
Narino,Yacuanquer,2011,150.0,115.0,138.0,1.2,1200.0
Narino,Guaitarilla,2011,136.0,110.0,77.0,0.7,700.0
Narino,San Bernardo,2011,124.0,70.0,35.0,0.5,500.0
Narino,La Cruz,2011,88.0,86.0,74.0,0.86,860.4651162790698
Narino,La Llanada,2011,82.0,76.0,76.0,1.0,1000.0
Narino,Funes,2011,81.0,74.0,65.0,0.88,878.3783783783783
Narino,Mallama,2011,65.0,45.0,45.0,1.0,1000.0
Narino,Belen,2011,46.0,32.0,48.0,1.5,1500.0
Narino,Tangua,2011,42.0,32.0,32.0,1.0,1000.0
Narino,Providencia,2011,40.0,35.0,28.0,0.8,800.0
Narino,Ipiales,2011,23.0,23.0,28.0,1.2,1217.391304347826
Narino,Cumbal,2011,12.0,6.0,4.0,0.6,666.6666666666666
Narino,Imues,2011,8.0,6.0,7.0,1.1,1166.6666666666667
Narino,Nariño,2011,8.0,6.0,5.0,0.9,833.3333333333334
Narino,Tumaco,2011,4.0,4.0,4.0,1.0,1000.0
Narino,Ricaurte,2011,3.0,3.0,2.0,0.7,666.6666666666666
Narino,El Charco,2011,2.0,2.0,2.0,1.0,1000.0
Narino,La Union,2012,4909.0,3307.0,3968.0,1.2,1199.8790444511642
Narino,Colon,2012,4460.0,4395.0,5274.0,1.2,1200.0
Narino,San Lorenzo,2012,3100.0,2400.0,2835.0,1.18,1181.25
Narino,Buesaco,2012,2940.0,2480.0,2976.0,1.2,1200.0
Narino,Samaniego,2012,2400.0,2000.0,1500.0,0.75,750.0
Narino,San Pablo,2012,2000.0,220.0,264.0,1.2,1200.0
Narino,El Rosario,2012,1902.0,1402.0,701.0,0.5,500.0
Narino,Consaca,2012,1871.0,1629.0,1955.0,1.2,1200.1227747084101
Narino,Sandona,2012,1573.0,1353.0,1028.0,0.76,759.7930524759793
Narino,La Florida,2012,1245.0,1214.0,1457.0,1.2,1200.164744645799
Narino,Taminango,2012,1220.0,1170.0,1170.0,1.0,1000.0
Narino,Los Andes,2012,1025.0,1004.0,402.0,0.4,400.398406374502
Narino,El Peñol,2012,910.0,440.0,264.0,0.6,600.0
Narino,El Tablon,2012,765.0,725.0,725.0,1.0,1000.0
Narino,San Pedro De Cartago,2012,751.0,31.0,37.0,1.2,1193.5483870967741
Narino,Alban,2012,745.0,535.0,401.0,0.75,749.5327102803739
Narino,Linares,2012,678.0,538.0,482.0,0.9,895.910780669145
Narino,Leiva,2012,658.0,635.0,762.0,1.2,1200.0
Narino,Chachagui,2012,482.0,467.0,467.0,1.0,1000.0
Narino,Arboleda,2012,460.0,0.0,0.0,,
Narino,El Tambo,2012,440.0,140.0,70.0,0.5,500.0
Narino,Policarpa,2012,440.0,170.0,128.0,0.75,752.9411764705883
Narino,Yacuanquer,2012,397.0,207.0,248.0,1.2,1198.0676328502416
Narino,Pasto,2012,239.0,224.0,269.0,1.2,1200.892857142857
Narino,San Bernardo,2012,204.0,120.0,90.0,0.75,750.0
Narino,Santacruz,2012,189.0,179.0,54.0,0.3,301.67597765363126
Narino,Ancuya,2012,182.0,172.0,34.0,0.2,197.67441860465115
Narino,Cumbitara,2012,162.0,155.0,140.0,0.9,903.2258064516129
Narino,Funes,2012,135.0,75.0,75.0,1.0,1000.0
Narino,La Cruz,2012,97.0,88.0,44.0,0.5,500.0
Narino,La Llanada,2012,76.0,64.0,44.0,0.69,687.5
Narino,Mallama,2012,68.0,66.0,66.0,1.0,1000.0
Narino,Guaitarilla,2012,48.0,41.0,16.0,0.38,390.2439024390244
Narino,Belen,2012,46.0,35.0,18.0,0.5,514.2857142857143
Narino,Tangua,2012,45.0,35.0,35.0,1.0,1000.0
Narino,Providencia,2012,40.0,33.0,26.0,0.8,787.8787878787879
Narino,Puerres,2012,25.0,0.0,0.0,,
Narino,Ipiales,2012,23.0,23.0,28.0,1.2,1217.391304347826
Narino,Cumbal,2012,15.0,12.0,7.0,0.6,583.3333333333334
Narino,Tuquerres,2012,10.0,8.0,4.0,0.5,500.0
Narino,Nariño,2012,9.0,4.0,4.0,1.0,1000.0
Narino,Imues,2012,8.0,8.0,9.0,1.1,1125.0
Narino,Ricaurte,2012,3.0,3.0,2.0,0.75,666.6666666666666
Narino,La Union,2013,5208.0,4339.0,4309.0,0.99,993.0859645079512
Narino,San Lorenzo,2013,3587.0,2965.0,3398.0,1.15,1146.037099494098
Narino,Buesaco,2013,2998.0,2276.0,2086.0,0.92,916.5202108963093
Narino,Colon,2013,2612.0,2061.0,2204.0,1.07,1069.383794274624
Narino,Consaca,2013,1909.0,1550.0,1421.0,0.92,916.7741935483871
Narino,Alban,2013,1887.0,1570.0,1560.0,0.99,993.6305732484077
Narino,Taminango,2013,1882.0,1549.0,947.0,0.61,611.3621691413815
Narino,Arboleda,2013,1873.0,1564.0,956.0,0.61,611.2531969309463
Narino,El Tablon,2013,1834.0,1468.0,1122.0,0.76,764.3051771117166
Narino,Sandona,2013,1794.0,1534.0,1172.0,0.76,764.0156453715775
Narino,El Tambo,2013,1697.0,1427.0,1091.0,0.76,764.5409950946041
Narino,Samaniego,2013,1685.0,1330.0,914.0,0.69,687.218045112782
Narino,La Florida,2013,1388.0,1160.0,1241.0,1.07,1069.8275862068965
Narino,San Pablo,2013,1146.0,929.0,852.0,0.92,917.1151776103337
Narino,Los Andes,2013,1057.0,841.0,642.0,0.76,763.3769322235433
Narino,San Pedro De Cartago,2013,949.0,822.0,628.0,0.76,763.9902676399026
Narino,Leiva,2013,910.0,729.0,811.0,1.11,1112.482853223594
Narino,El Rosario,2013,886.0,744.0,739.0,0.99,993.2795698924731
Narino,Linares,2013,866.0,692.0,475.0,0.69,686.4161849710982
Narino,Chachagui,2013,483.0,393.0,301.0,0.76,765.9033078880407
Narino,Policarpa,2013,378.0,370.0,206.0,0.56,556.7567567567568
Narino,Yacuanquer,2013,360.0,263.0,241.0,0.92,916.3498098859316
Narino,San Bernardo,2013,354.0,314.0,360.0,1.15,1146.4968152866243
Narino,Ancuya,2013,330.0,278.0,254.0,0.92,913.6690647482014
Narino,Pasto,2013,293.0,241.0,184.0,0.76,763.4854771784233
Narino,La Cruz,2013,175.0,150.0,92.0,0.61,613.3333333333334
Narino,Santacruz,2013,153.0,117.0,72.0,0.61,615.3846153846154
Narino,Funes,2013,130.0,96.0,55.0,0.57,572.9166666666666
Narino,Guaitarilla,2013,107.0,87.0,53.0,0.61,609.1954022988506
Narino,Tangua,2013,94.0,76.0,88.0,1.15,1157.8947368421052
Narino,Providencia,2013,76.0,53.0,25.0,0.47,471.6981132075472
Narino,Cumbitara,2013,64.0,52.0,32.0,0.61,615.3846153846154
Narino,Mallama,2013,56.0,44.0,34.0,0.76,772.7272727272727
Narino,Tuquerres,2013,36.0,25.0,17.0,0.69,680.0
Narino,Iles,2013,11.0,7.0,6.0,0.76,857.1428571428571
Narino,Imues,2013,11.0,9.0,8.0,0.92,888.8888888888889
Narino,Ricaurte,2013,10.0,10.0,12.0,1.15,1200.0
Narino,La Union,2014,5039.0,4207.0,4518.0,1.07,1073.9244116947943
Narino,San Lorenzo,2014,3473.0,3066.0,3799.0,1.24,1239.0737116764515
Narino,Buesaco,2014,3118.0,2745.0,2721.0,0.99,991.2568306010929
Narino,Colon,2014,2576.0,2087.0,2414.0,1.16,1156.6842357450887
Narino,El Tablon,2014,1898.0,1639.0,1354.0,0.83,826.1134838316046
Narino,Arboleda,2014,1895.0,1674.0,1106.0,0.66,660.6929510155317
Narino,Alban,2014,1871.0,1632.0,1752.0,1.07,1073.5294117647059
Narino,Consaca,2014,1829.0,1580.0,1567.0,0.99,991.7721518987341
Narino,Taminango,2014,1809.0,1582.0,1045.0,0.66,660.5562579013906
Narino,Sandona,2014,1700.0,1376.0,1137.0,0.83,826.3081395348837
Narino,Samaniego,2014,1656.0,1486.0,1105.0,0.74,743.6069986541049
Narino,La Florida,2014,1362.0,1193.0,1380.0,1.16,1156.74769488684
Narino,San Pablo,2014,1174.0,1003.0,994.0,0.99,991.0269192422732
Narino,Los Andes,2014,1016.0,881.0,728.0,0.83,826.33371169126
Narino,El Rosario,2014,960.0,833.0,895.0,1.07,1074.4297719087635
Narino,Leiva,2014,920.0,831.0,999.0,1.2,1202.1660649819494
Narino,San Pedro De Cartago,2014,908.0,827.0,683.0,0.83,825.8766626360339
Narino,El Tambo,2014,864.0,780.0,644.0,0.83,825.6410256410256
Narino,Linares,2014,855.0,763.0,567.0,0.74,743.1192660550458
Narino,El Peñol,2014,795.0,708.0,612.0,0.87,864.4067796610169
Narino,Chachagui,2014,463.0,396.0,327.0,0.83,825.7575757575758
Narino,Yacuanquer,2014,396.0,343.0,340.0,0.99,991.2536443148688
Narino,Policarpa,2014,378.0,371.0,224.0,0.6,603.7735849056604
Narino,San Bernardo,2014,325.0,291.0,360.0,1.24,1237.1134020618556
Narino,Ancuya,2014,324.0,278.0,275.0,0.99,989.2086330935252
Narino,Pasto,2014,305.0,262.0,217.0,0.83,828.2442748091603
Narino,Funes,2014,206.0,151.0,93.0,0.62,615.8940397350993
Narino,La Cruz,2014,150.0,127.0,84.0,0.66,661.4173228346457
Narino,Santacruz,2014,148.0,126.0,83.0,0.66,658.7301587301587
Narino,Guaitarilla,2014,97.0,79.0,52.0,0.66,658.2278481012659
Narino,Tangua,2014,95.0,73.0,90.0,1.24,1232.876712328767
Narino,Providencia,2014,74.0,63.0,32.0,0.5,507.93650793650795
Narino,Cumbitara,2014,64.0,62.0,41.0,0.66,661.2903225806451
Narino,Mallama,2014,46.0,39.0,32.0,0.83,820.5128205128206
Narino,Tuquerres,2014,39.0,28.0,21.0,0.74,750.0
Narino,Iles,2014,11.0,10.0,8.0,0.83,800.0
Narino,Imues,2014,11.0,9.0,9.0,0.99,1000.0
Narino,Ricaurte,2014,10.0,10.0,13.0,1.24,1300.0
Narino,La Union,2015,5006.0,4218.0,4773.0,1.13,1131.578947368421
Narino,San Lorenzo,2015,3498.0,3054.0,3345.0,1.1,1095.2848722986248
Narino,Buesaco,2015,3181.0,2780.0,3010.0,1.08,1082.7338129496402
Narino,Colon,2015,2569.0,2088.0,2430.0,1.16,1163.7931034482758
Narino,El Tablon,2015,1927.0,1686.0,1817.0,1.08,1077.6986951364177
Narino,Arboleda,2015,1924.0,1602.0,1832.0,1.14,1143.570536828964
Narino,Alban,2015,1874.0,1604.0,1777.0,1.11,1107.85536159601
Narino,Consaca,2015,1840.0,1597.0,1712.0,1.07,1072.0100187852222
Narino,Taminango,2015,1768.0,1544.0,1680.0,1.09,1088.082901554404
Narino,Sandona,2015,1700.0,1347.0,1628.0,1.21,1208.611729769859
Narino,Samaniego,2015,1622.0,1475.0,1517.0,1.03,1028.4745762711864
Narino,La Florida,2015,1357.0,1178.0,1241.0,1.05,1053.4804753820033
Narino,San Pablo,2015,1167.0,992.0,1094.0,1.1,1102.8225806451612
Narino,El Rosario,2015,1013.0,861.0,945.0,1.1,1097.560975609756
Narino,Los Andes,2015,969.0,864.0,922.0,1.07,1067.1296296296296
Narino,San Pedro De Cartago,2015,898.0,774.0,845.0,1.09,1091.7312661498709
Narino,El Tambo,2015,893.0,760.0,798.0,1.05,1050.0
Narino,Leiva,2015,839.0,761.0,799.0,1.05,1049.934296977661
Narino,Linares,2015,823.0,733.0,773.0,1.06,1054.5702592087312
Narino,El Peñol,2015,801.0,736.0,737.0,1.0,1001.3586956521739
Narino,Chachagui,2015,453.0,383.0,420.0,1.1,1096.6057441253263
Narino,Yacuanquer,2015,416.0,364.0,393.0,1.08,1079.6703296703297
Narino,Policarpa,2015,378.0,377.0,326.0,0.86,864.7214854111406
Narino,Ancuya,2015,335.0,292.0,312.0,1.07,1068.4931506849316
Narino,San Bernardo,2015,323.0,273.0,299.0,1.09,1095.2380952380952
Narino,Pasto,2015,311.0,269.0,281.0,1.04,1044.6096654275093
Narino,Funes,2015,213.0,199.0,197.0,0.99,989.9497487437186
Narino,La Cruz,2015,157.0,134.0,142.0,1.06,1059.7014925373135
Narino,Santacruz,2015,147.0,136.0,142.0,1.04,1044.1176470588234
Narino,Guaitarilla,2015,102.0,90.0,95.0,1.05,1055.5555555555557
Narino,Tangua,2015,97.0,81.0,92.0,1.14,1135.8024691358025
Narino,Providencia,2015,75.0,70.0,72.0,1.03,1028.5714285714287
Narino,Cumbitara,2015,64.0,64.0,60.0,0.95,937.5
Narino,Mallama,2015,44.0,42.0,42.0,1.0,1000.0
Narino,Tuquerres,2015,41.0,36.0,39.0,1.09,1083.3333333333333
Narino,Imues,2015,11.0,11.0,10.0,0.92,909.0909090909091
Narino,Iles,2015,10.0,10.0,9.0,0.85,900.0
Narino,Ricaurte,2015,4.0,3.0,4.0,1.07,1333.3333333333333
Narino,La Union,2016,4988.0,4120.0,4822.0,1.17,1170.388349514563
Narino,San Lorenzo,2016,3489.0,2987.0,3383.0,1.13,1132.574489454302
Narino,Buesaco,2016,3204.0,2744.0,3074.0,1.12,1120.262390670554
Narino,Colon,2016,2559.0,2040.0,2455.0,1.2,1203.4313725490197
Narino,El Tablon,2016,1946.0,1670.0,1860.0,1.11,1113.7724550898204
Narino,Arboleda,2016,1929.0,1574.0,1862.0,1.18,1182.9733163913595
Narino,Alban,2016,1905.0,1599.0,1832.0,1.15,1145.716072545341
Narino,Consaca,2016,1837.0,1563.0,1733.0,1.11,1108.765195137556
Narino,Taminango,2016,1729.0,1480.0,1665.0,1.13,1125.0
Narino,Sandona,2016,1671.0,1297.0,1622.0,1.25,1250.5782575173478
Narino,Samaniego,2016,1604.0,1430.0,1520.0,1.06,1062.937062937063
Narino,La Florida,2016,1366.0,1163.0,1267.0,1.09,1089.4239036973345
Narino,San Pablo,2016,1178.0,982.0,1120.0,1.14,1140.529531568228
Narino,El Rosario,2016,947.0,789.0,895.0,1.14,1134.3472750316857
Narino,Los Andes,2016,944.0,825.0,910.0,1.1,1103.030303030303
Narino,El Tambo,2016,892.0,744.0,808.0,1.09,1086.021505376344
Narino,San Pedro De Cartago,2016,889.0,752.0,849.0,1.13,1128.9893617021276
Narino,Leiva,2016,848.0,754.0,819.0,1.09,1086.2068965517242
Narino,Linares,2016,816.0,712.0,777.0,1.09,1091.2921348314608
Narino,El Peñol,2016,773.0,697.0,721.0,1.04,1034.4332855093257
Narino,Chachagui,2016,450.0,373.0,423.0,1.13,1134.0482573726542
Narino,Yacuanquer,2016,436.0,374.0,417.0,1.12,1114.9732620320856
Narino,Policarpa,2016,378.0,370.0,330.0,0.89,891.8918918918919
Narino,Ancuya,2016,350.0,299.0,330.0,1.1,1103.6789297658863
Narino,San Bernardo,2016,327.0,271.0,306.0,1.13,1129.1512915129151
Narino,Pasto,2016,308.0,261.0,282.0,1.08,1080.4597701149426
Narino,Funes,2016,214.0,196.0,201.0,1.02,1025.5102040816328
Narino,La Cruz,2016,173.0,145.0,158.0,1.09,1089.655172413793
Narino,Santacruz,2016,146.0,133.0,142.0,1.07,1067.6691729323309
Narino,Guaitarilla,2016,106.0,92.0,100.0,1.09,1086.9565217391305
Narino,Tangua,2016,100.0,81.0,96.0,1.18,1185.1851851851852
Narino,Providencia,2016,76.0,70.0,75.0,1.06,1071.4285714285713
Narino,Cumbitara,2016,64.0,63.0,61.0,0.98,968.2539682539683
Narino,Mallama,2016,44.0,41.0,43.0,1.03,1048.780487804878
Narino,Tuquerres,2016,41.0,35.0,40.0,1.12,1142.857142857143
Narino,Imues,2016,11.0,10.0,10.0,0.95,1000.0
Narino,Iles,2016,10.0,10.0,9.0,0.88,900.0
Narino,Ricaurte,2016,5.0,4.0,5.0,1.11,1250.0
Narino,La Union,2017,4897.0,4233.0,4281.0,1.01,1011.3394755492559
Narino,San Lorenzo,2017,3464.0,3061.0,3870.0,1.26,1264.2927147990852
Narino,Buesaco,2017,3191.0,2776.0,2807.0,1.01,1011.1671469740634
Narino,Colon,2017,2531.0,2223.0,2435.0,1.1,1095.366621682411
Narino,Arboleda,2017,1940.0,1644.0,1524.0,0.93,927.007299270073
Narino,Alban,2017,1935.0,1671.0,1760.0,1.05,1053.2615200478756
Narino,El Tablon,2017,1922.0,1614.0,2448.0,1.52,1516.728624535316
Narino,Consaca,2017,1809.0,1657.0,1816.0,1.1,1095.956547978274
Narino,Taminango,2017,1691.0,1523.0,1027.0,0.67,674.3269862114248
Narino,Sandona,2017,1587.0,1401.0,1771.0,1.26,1264.097073518915
Narino,Samaniego,2017,1575.0,1448.0,1098.0,0.76,758.2872928176796
Narino,La Florida,2017,1307.0,1156.0,1655.0,1.43,1431.6608996539792
Narino,San Pablo,2017,1207.0,1046.0,1074.0,1.03,1026.7686424474186
Narino,El Rosario,2017,899.0,830.0,839.0,1.01,1010.843373493976
Narino,El Tambo,2017,894.0,818.0,690.0,0.84,843.5207823960881
Narino,San Pedro De Cartago,2017,874.0,754.0,953.0,1.26,1263.9257294429708
Narino,Los Andes,2017,861.0,787.0,597.0,0.76,758.576874205845
Narino,Leiva,2017,799.0,719.0,606.0,0.84,842.837273991655
Narino,Linares,2017,795.0,703.0,474.0,0.67,674.25320056899
Narino,El Peñol,2017,725.0,657.0,443.0,0.67,674.2770167427701
Narino,Yacuanquer,2017,460.0,425.0,430.0,1.01,1011.7647058823529
Narino,Chachagui,2017,458.0,405.0,410.0,1.01,1012.3456790123457
Narino,Ancuya,2017,356.0,283.0,286.0,1.01,1010.6007067137809
Narino,San Bernardo,2017,334.0,281.0,213.0,0.76,758.0071174377224
Narino,Policarpa,2017,326.0,315.0,213.0,0.67,676.1904761904761
Narino,Pasto,2017,305.0,274.0,231.0,0.84,843.0656934306569
Narino,Funes,2017,214.0,211.0,206.0,0.98,976.303317535545
Narino,La Cruz,2017,196.0,147.0,268.0,1.82,1823.1292517006802
Narino,Santacruz,2017,145.0,133.0,157.0,1.18,1180.451127819549
Narino,Guaitarilla,2017,105.0,97.0,94.0,0.97,969.0721649484536
Narino,Tangua,2017,104.0,98.0,99.0,1.01,1010.204081632653
Narino,Providencia,2017,86.0,79.0,73.0,0.93,924.0506329113924
Narino,Cumbitara,2017,64.0,64.0,64.0,1.01,1000.0
Narino,Mallama,2017,47.0,42.0,35.0,0.84,833.3333333333334
Narino,Tuquerres,2017,41.0,37.0,31.0,0.84,837.8378378378378
Narino,Imues,2017,11.0,11.0,12.0,1.1,1090.909090909091
Narino,Iles,2017,10.0,10.0,11.0,1.04,1100.0
Narino,Ricaurte,2017,5.0,5.0,3.0,0.66,600.0
Narino,La Union,2018,4845.0,4248.0,4393.0,1.03,1034.1337099811676
Narino,San Lorenzo,2018,3450.0,3091.0,3995.0,1.29,1292.4619864121644
Narino,Buesaco,2018,3093.0,2696.0,2789.0,1.03,1034.4955489614242
Narino,Colon,2018,2493.0,2237.0,2507.0,1.12,1120.697362539115
Narino,Alban,2018,1968.0,1732.0,1866.0,1.08,1077.367205542725
Narino,El Tablon,2018,1946.0,1708.0,2650.0,1.55,1551.5222482435597
Narino,Arboleda,2018,1944.0,1682.0,1595.0,0.95,948.2758620689655
Narino,Consaca,2018,1739.0,1576.0,1766.0,1.12,1120.5583756345177
Narino,Taminango,2018,1678.0,1536.0,1059.0,0.69,689.453125
Narino,Samaniego,2018,1545.0,1404.0,1089.0,0.78,775.6410256410256
Narino,Sandona,2018,1382.0,1176.0,1520.0,1.29,1292.5170068027212
Narino,La Florida,2018,1296.0,1184.0,1734.0,1.47,1464.527027027027
Narino,San Pablo,2018,1217.0,1068.0,1122.0,1.05,1050.561797752809
Narino,El Tambo,2018,905.0,838.0,722.0,0.86,861.5751789976134
Narino,San Pedro De Cartago,2018,869.0,790.0,1022.0,1.29,1293.6708860759493
Narino,El Rosario,2018,858.0,787.0,814.0,1.03,1034.30749682338
Narino,Los Andes,2018,817.0,745.0,578.0,0.78,775.8389261744967
Narino,Leiva,2018,780.0,689.0,594.0,0.86,862.1190130624093
Narino,Linares,2018,775.0,679.0,468.0,0.69,689.2488954344625
Narino,El Peñol,2018,712.0,674.0,465.0,0.69,689.9109792284867
Narino,Yacuanquer,2018,476.0,416.0,430.0,1.03,1033.6538461538462
Narino,Chachagui,2018,445.0,399.0,412.0,1.03,1032.5814536340852
Narino,Ancuya,2018,359.0,304.0,314.0,1.03,1032.8947368421052
Narino,San Bernardo,2018,340.0,270.0,209.0,0.78,774.074074074074
Narino,Policarpa,2018,323.0,304.0,209.0,0.69,687.5
Narino,Pasto,2018,311.0,280.0,241.0,0.86,860.7142857142857
Narino,Funes,2018,217.0,211.0,211.0,1.0,1000.0
Narino,La Cruz,2018,214.0,168.0,313.0,1.87,1863.095238095238
Narino,Santacruz,2018,146.0,130.0,157.0,1.21,1207.6923076923076
Narino,Tangua,2018,108.0,96.0,99.0,1.03,1031.25
Narino,Guaitarilla,2018,103.0,97.0,96.0,0.99,989.6907216494845
Narino,Providencia,2018,89.0,80.0,76.0,0.95,950.0
Narino,Cumbitara,2018,64.0,64.0,66.0,1.03,1031.25
Narino,Mallama,2018,48.0,45.0,39.0,0.86,866.6666666666666
Narino,Tuquerres,2018,40.0,37.0,32.0,0.86,864.8648648648649
Narino,Imues,2018,11.0,11.0,12.0,1.12,1090.909090909091
Narino,Iles,2018,10.0,10.0,11.0,1.06,1100.0
Narino,Ricaurte,2018,5.0,5.0,3.0,0.62,600.0
Quindio,Armenia,2019,,,,,
Quindio,Armenia,2020,,,,,
Quindio,Armenia,2021,,,,,
Quindio,Armenia,2022,,,,,
Quindio,Armenia,2023,,,,,
Quindio,Armenia,2024,,,,,
Quindio,Buenavista,2019,,,,,
Quindio,Buenavista,2020,,,,,
Quindio,Buenavista,2021,,,,,
Quindio,Buenavista,2022,,,,,
Quindio,Buenavista,2023,,,,,
Quindio,Buenavista,2024,,,,,
Quindio,Calarcá,2019,,,,,
Quindio,Calarcá,2020,,,,,
Quindio,Calarcá,2021,,,,,
Quindio,Calarcá,2022,,,,,
Quindio,Calarcá,2023,,,,,
Quindio,Calarcá,2024,,,,,
Quindio,Circasia,2019,,,,,
Quindio,Circasia,2020,,,,,
Quindio,Circasia,2021,,,,,
Quindio,Circasia,2022,,,,,
Quindio,Circasia,2023,,,,,
Quindio,Circasia,2024,,,,,
Quindio,Córdoba,2019,,,,,
Quindio,Córdoba,2020,,,,,
Quindio,Córdoba,2021,,,,,
Quindio,Córdoba,2022,,,,,
Quindio,Córdoba,2023,,,,,
Quindio,Córdoba,2024,,,,,
Quindio,Filandia,2019,,,,,
Quindio,Filandia,2020,,,,,
Quindio,Filandia,2021,,,,,
Quindio,Filandia,2022,,,,,
Quindio,Filandia,2023,,,,,
Quindio,Filandia,2024,,,,,
Quindio,Génova,2019,,,,,
Quindio,Génova,2020,,,,,
Quindio,Génova,2021,,,,,
Quindio,Génova,2022,,,,,
Quindio,Génova,2023,,,,,
Quindio,Génova,2024,,,,,
Quindio,La Tebaida,2019,,,,,
Quindio,La Tebaida,2020,,,,,
Quindio,La Tebaida,2021,,,,,
Quindio,La Tebaida,2022,,,,,
Quindio,La Tebaida,2023,,,,,
Quindio,La Tebaida,2024,,,,,
Quindio,Montenegro,2019,,,,,
Quindio,Montenegro,2020,,,,,
Quindio,Montenegro,2021,,,,,
Quindio,Montenegro,2022,,,,,
Quindio,Montenegro,2023,,,,,
Quindio,Montenegro,2024,,,,,
Quindio,Pijao,2019,,,,,
Quindio,Pijao,2020,,,,,
Quindio,Pijao,2021,,,,,
Quindio,Pijao,2022,,,,,
Quindio,Pijao,2023,,,,,
Quindio,Pijao,2024,,,,,
Quindio,Quimbaya,2019,,,,,
Quindio,Quimbaya,2020,,,,,
Quindio,Quimbaya,2021,,,,,
Quindio,Quimbaya,2022,,,,,
Quindio,Quimbaya,2023,,,,,
Quindio,Quimbaya,2024,,,,,
Quindio,Salento,2019,,,,,
Quindio,Salento,2020,,,,,
Quindio,Salento,2021,,,,,
Quindio,Salento,2022,,,,,
Quindio,Salento,2023,,,,,
Quindio,Salento,2024,,,,,
Narino,Pasto,2019,,,,,
Narino,Pasto,2020,,,,,
Narino,Pasto,2021,,,,,
Narino,Pasto,2022,,,,,
Narino,Pasto,2023,,,,,
Narino,Pasto,2024,,,,,
Narino,Albán,2019,,,,,
Narino,Albán,2020,,,,,
Narino,Albán,2021,,,,,
Narino,Albán,2022,,,,,
Narino,Albán,2023,,,,,
Narino,Albán,2024,,,,,
Narino,Ancuya,2019,,,,,
Narino,Ancuya,2020,,,,,
Narino,Ancuya,2021,,,,,
Narino,Ancuya,2022,,,,,
Narino,Ancuya,2023,,,,,
Narino,Ancuya,2024,,,,,
Narino,Arboleda,2019,,,,,
Narino,Arboleda,2020,,,,,
Narino,Arboleda,2021,,,,,
Narino,Arboleda,2022,,,,,
Narino,Arboleda,2023,,,,,
Narino,Arboleda,2024,,,,,
Narino,Belén,2023,,,,,
Narino,Belén,2024,,,,,
Narino,Buesaco,2019,,,,,
Narino,Buesaco,2020,,,,,
Narino,Buesaco,2021,,,,,
Narino,Buesaco,2022,,,,,
Narino,Buesaco,2023,,,,,
Narino,Buesaco,2024,,,,,
Narino,Colón,2019,,,,,
Narino,Colón,2020,,,,,
Narino,Colón,2021,,,,,
Narino,Colón,2022,,,,,
Narino,Colón,2023,,,,,
Narino,Colón,2024,,,,,
Narino,Consacá,2019,,,,,
Narino,Consacá,2020,,,,,
Narino,Consacá,2021,,,,,
Narino,Consacá,2022,,,,,
Narino,Consacá,2023,,,,,
Narino,Consacá,2024,,,,,
Narino,Cumbal,2019,,,,,
Narino,Cumbal,2020,,,,,
Narino,Cumbal,2021,,,,,
Narino,Cumbal,2022,,,,,
Narino,Cumbal,2023,,,,,
Narino,Cumbal,2024,,,,,
Narino,Cumbitara,2019,,,,,
Narino,Cumbitara,2020,,,,,
Narino,Cumbitara,2021,,,,,
Narino,Cumbitara,2022,,,,,
Narino,Cumbitara,2023,,,,,
Narino,Cumbitara,2024,,,,,
Narino,Chachagüí,2019,,,,,
Narino,Chachagüí,2020,,,,,
Narino,Chachagüí,2021,,,,,
Narino,Chachagüí,2022,,,,,
Narino,Chachagüí,2023,,,,,
Narino,Chachagüí,2024,,,,,
Narino,El Peñol,2019,,,,,
Narino,El Peñol,2020,,,,,
Narino,El Peñol,2021,,,,,
Narino,El Peñol,2022,,,,,
Narino,El Peñol,2023,,,,,
Narino,El Peñol,2024,,,,,
Narino,El Rosario,2019,,,,,
Narino,El Rosario,2020,,,,,
Narino,El Rosario,2021,,,,,
Narino,El Rosario,2022,,,,,
Narino,El Rosario,2023,,,,,
Narino,El Rosario,2024,,,,,
Narino,El Tablón De Gómez,2019,,,,,
Narino,El Tablón De Gómez,2020,,,,,
Narino,El Tablón De Gómez,2021,,,,,
Narino,El Tablón De Gómez,2022,,,,,
Narino,El Tablón De Gómez,2023,,,,,
Narino,El Tablón De Gómez,2024,,,,,
Narino,El Tambo,2019,,,,,
Narino,El Tambo,2020,,,,,
Narino,El Tambo,2021,,,,,
Narino,El Tambo,2022,,,,,
Narino,El Tambo,2023,,,,,
Narino,El Tambo,2024,,,,,
Narino,Funes,2019,,,,,
Narino,Funes,2020,,,,,
Narino,Funes,2021,,,,,
Narino,Funes,2022,,,,,
Narino,Funes,2023,,,,,
Narino,Funes,2024,,,,,
Narino,Guaitarilla,2019,,,,,
Narino,Guaitarilla,2020,,,,,
Narino,Guaitarilla,2021,,,,,
Narino,Guaitarilla,2022,,,,,
Narino,Guaitarilla,2023,,,,,
Narino,Guaitarilla,2024,,,,,
Narino,Iles,2019,,,,,
Narino,Iles,2020,,,,,
Narino,Iles,2021,,,,,
Narino,Iles,2022,,,,,
Narino,Iles,2023,,,,,
Narino,Iles,2024,,,,,
Narino,Imués,2019,,,,,
Narino,Imués,2020,,,,,
Narino,Imués,2021,,,,,
Narino,Imués,2022,,,,,
Narino,Imués,2023,,,,,
Narino,Imués,2024,,,,,
Narino,La Cruz,2019,,,,,
Narino,La Cruz,2020,,,,,
Narino,La Cruz,2021,,,,,
Narino,La Cruz,2022,,,,,
Narino,La Cruz,2023,,,,,
Narino,La Cruz,2024,,,,,
Narino,La Florida,2019,,,,,
Narino,La Florida,2020,,,,,
Narino,La Florida,2021,,,,,
Narino,La Florida,2022,,,,,
Narino,La Florida,2023,,,,,
Narino,La Florida,2024,,,,,
Narino,La Llanada,2019,,,,,
Narino,La Llanada,2020,,,,,
Narino,La Llanada,2021,,,,,
Narino,La Llanada,2022,,,,,
Narino,La Llanada,2023,,,,,
Narino,La Llanada,2024,,,,,
Narino,La Unión,2019,,,,,
Narino,La Unión,2020,,,,,
Narino,La Unión,2021,,,,,
Narino,La Unión,2022,,,,,
Narino,La Unión,2023,,,,,
Narino,La Unión,2024,,,,,
Narino,Leiva,2019,,,,,
Narino,Leiva,2020,,,,,
Narino,Leiva,2021,,,,,
Narino,Leiva,2022,,,,,
Narino,Leiva,2023,,,,,
Narino,Leiva,2024,,,,,
Narino,Linares,2019,,,,,
Narino,Linares,2020,,,,,
Narino,Linares,2021,,,,,
Narino,Linares,2022,,,,,
Narino,Linares,2023,,,,,
Narino,Linares,2024,,,,,
Narino,Los Andes,2019,,,,,
Narino,Los Andes,2020,,,,,
Narino,Los Andes,2021,,,,,
Narino,Los Andes,2022,,,,,
Narino,Los Andes,2023,,,,,
Narino,Los Andes,2024,,,,,
Narino,Mallama,2019,,,,,
Narino,Mallama,2020,,,,,
Narino,Mallama,2021,,,,,
Narino,Mallama,2022,,,,,
Narino,Mallama,2023,,,,,
Narino,Mallama,2024,,,,,
Narino,Policarpa,2019,,,,,
Narino,Policarpa,2020,,,,,
Narino,Policarpa,2021,,,,,
Narino,Policarpa,2022,,,,,
Narino,Policarpa,2023,,,,,
Narino,Policarpa,2024,,,,,
Narino,Providencia,2019,,,,,
Narino,Providencia,2020,,,,,
Narino,Providencia,2021,,,,,
Narino,Providencia,2022,,,,,
Narino,Providencia,2023,,,,,
Narino,Providencia,2024,,,,,
Narino,Ricaurte,2019,,,,,
Narino,Ricaurte,2020,,,,,
Narino,Ricaurte,2021,,,,,
Narino,Ricaurte,2022,,,,,
Narino,Ricaurte,2023,,,,,
Narino,Ricaurte,2024,,,,,
Narino,Samaniego,2019,,,,,
Narino,Samaniego,2020,,,,,
Narino,Samaniego,2021,,,,,
Narino,Samaniego,2022,,,,,
Narino,Samaniego,2023,,,,,
Narino,Samaniego,2024,,,,,
Narino,Sandoná,2019,,,,,
Narino,Sandoná,2020,,,,,
Narino,Sandoná,2021,,,,,
Narino,Sandoná,2022,,,,,
Narino,Sandoná,2023,,,,,
Narino,Sandoná,2024,,,,,
Narino,San Bernardo,2019,,,,,
Narino,San Bernardo,2020,,,,,
Narino,San Bernardo,2021,,,,,
Narino,San Bernardo,2022,,,,,
Narino,San Bernardo,2023,,,,,
Narino,San Bernardo,2024,,,,,
Narino,San Lorenzo,2019,,,,,
Narino,San Lorenzo,2020,,,,,
Narino,San Lorenzo,2021,,,,,
Narino,San Lorenzo,2022,,,,,
Narino,San Lorenzo,2023,,,,,
Narino,San Lorenzo,2024,,,,,
Narino,San Pablo,2019,,,,,
Narino,San Pablo,2020,,,,,
Narino,San Pablo,2021,,,,,
Narino,San Pablo,2022,,,,,
Narino,San Pablo,2023,,,,,
Narino,San Pablo,2024,,,,,
Narino,San Pedro De Cartago,2019,,,,,
Narino,San Pedro De Cartago,2020,,,,,
Narino,San Pedro De Cartago,2021,,,,,
Narino,San Pedro De Cartago,2022,,,,,
Narino,San Pedro De Cartago,2023,,,,,
Narino,San Pedro De Cartago,2024,,,,,
Narino,Santacruz,2019,,,,,
Narino,Santacruz,2020,,,,,
Narino,Santacruz,2021,,,,,
Narino,Santacruz,2022,,,,,
Narino,Santacruz,2023,,,,,
Narino,Santacruz,2024,,,,,
Narino,Taminango,2019,,,,,
Narino,Taminango,2020,,,,,
Narino,Taminango,2021,,,,,
Narino,Taminango,2022,,,,,
Narino,Taminango,2023,,,,,
Narino,Taminango,2024,,,,,
Narino,Tangua,2019,,,,,
Narino,Tangua,2020,,,,,
Narino,Tangua,2021,,,,,
Narino,Tangua,2022,,,,,
Narino,Tangua,2023,,,,,
Narino,Tangua,2024,,,,,
Narino,Túquerres,2019,,,,,
Narino,Túquerres,2020,,,,,
Narino,Túquerres,2021,,,,,
Narino,Túquerres,2022,,,,,
Narino,Túquerres,2023,,,,,
Narino,Túquerres,2024,,,,,
Narino,Yacuanquer,2019,,,,,
Narino,Yacuanquer,2020,,,,,
Narino,Yacuanquer,2021,,,,,
Narino,Yacuanquer,2022,,,,,
Narino,Yacuanquer,2023,,,,,
Narino,Yacuanquer,2024,,,,,
