departamento,year,rendimiento_kg_ha,anom_temp_mean_e9,area_cosechada_ha,area_sembrada_ha,enso_spi3dev,evi_max,evi_mean,evi_min,n_exceso_e9,n_exceso_e9_lag1,n_municipios,n_sequia_e9,n_sequia_e9_lag1,ndvi_max,ndvi_mean,ndvi_min,oni_max,oni_mean,oni_mean_lag1,oni_min,pct_area_cosechada,precio_cop_carga,precio_lag1,precio_lag2,precio_spi_int,produccion_t,roya_dummy,roya_interact,roya_shock,spi3_cosecha,spi3_cosecha_lag1,spi3_desarrollo,spi3_desarrollo_lag1,spi3_floracion,spi3_floracion_lag1,spi3_max,spi3_mean,spi3_mean_lag1,spi3_median,spi3_median_lag1,spi3_min,spi3_min_lag1,spi3_std,temp_sq_e9,tmax_mean_e9,tmedia_mean_e9
Narino,2007,1298.9492620303365,-0.6879074128955374,24459.0,28332.0,-0.020513338187053993,0.3989227852279099,0.3176235878402967,0.250882024715256,0,0.0,37,1,1.0,0.5880312931687999,0.4708708032891412,0.3813457203568814,0.66,-0.6075,0.07166666666666667,-1.6,0.8632994493858535,418925.22,592555.32,489962.82,-63414.58648035308,31771.0,0,-0.0,0.0,-0.10701884590345605,-0.060105198635760186,-0.3609924665595361,-0.8385866049863143,-0.19631231406225144,0.03999392602446541,0.6399159905059914,-0.2214412088417479,-0.28623262586586967,-0.25491248143818235,-0.180142258772103,-1.0259086048726842,-1.0100382312875251,0.49594492528054945,400.0,20.0,12.06
Narino,2007,1298.9492620303365,-1.4167271733962146,24459.0,28332.0,-0.020513338187053993,0.3989227852279099,0.3176235878402967,0.250882024715256,0,0.0,37,1,1.0,0.5880312931687999,0.4708708032891412,0.3813457203568814,0.66,-0.6075,0.07166666666666667,-1.6,0.8632994493858535,418925.22,592555.32,489962.82,-63414.58648035308,31771.0,0,-0.0,0.0,-0.10701884590345605,-0.060105198635760186,-0.3609924665595361,-0.8385866049863143,-0.19631231406225144,0.03999392602446541,0.6399159905059914,-0.2214412088417479,-0.28623262586586967,-0.25491248143818235,-0.180142258772103,-1.0259086048726842,-1.0100382312875251,0.49594492528054945,400.0,20.0,12.06
Narino,2008,1222.1006136887777,-0.5873965572122728,25583.0,30220.0,0.13452553437136186,0.3989227852279099,0.3176235878402967,0.250882024715256,0,0.0,38,0,1.0,0.5880312931687999,0.4708708032891412,0.3813457203568814,-0.23,-0.7816666666666666,-0.6075,-1.64,0.8465585704831238,992389.64,418925.22,592555.32,-125336.95825917608,31265.0,0,-0.0,0.0,-0.2991869485899562,-0.10701884590345605,-0.4273152186150353,-0.3609924665595361,0.0986810849332705,-0.19631231406225144,0.49734917533820694,-0.20927369409057364,-0.2214412088417479,-0.24322240326673308,-0.25491248143818235,-0.8445341919309396,-1.0259086048726842,0.3961764287910454,402.80490000000003,20.07,12.59
Narino,2008,1222.1006136887777,-1.0046303992026644,25583.0,30220.0,0.13452553437136186,0.3989227852279099,0.3176235878402967,0.250882024715256,0,0.0,38,0,1.0,0.5880312931687999,0.4708708032891412,0.3813457203568814,-0.23,-0.7816666666666666,-0.6075,-1.64,0.8465585704831238,992389.64,418925.22,592555.32,-125336.95825917608,31265.0,0,-0.0,0.0,-0.2991869485899562,-0.10701884590345605,-0.4273152186150353,-0.3609924665595361,0.0986810849332705,-0.19631231406225144,0.49734917533820694,-0.20927369409057364,-0.2214412088417479,-0.24322240326673308,-0.25491248143818235,-0.8445341919309396,-1.0259086048726842,0.3961764287910454,402.80490000000003,20.07,12.59
Narino,2009,1038.6519061472777,-0.018137297953018106,26467.0,31591.0,0.16358227088079838,0.3989227852279099,0.3176235878402967,0.250882024715256,0,0.0,39,4,0.0,0.5880312931687999,0.4708708032891412,0.3813457203568814,1.56,0.2816666666666667,-0.7816666666666666,-0.85,0.8378019056060271,619372.63,992389.64,418925.22,-973123.6921640092,27490.0,0,-0.0,0.0,-0.98058630697113,-0.2991869485899562,-0.9633314010365223,-0.4273152186150353,0.1489928391998557,0.0986810849332705,0.31351008293400917,-0.5983082896025987,-0.20927369409057364,-0.7282234015670619,-0.24322240326673308,-1.601336155540141,-0.8445341919309396,0.6184407564599421,411.27840000000003,20.28,11.98
Narino,2009,1038.6519061472777,0.6969825040231079,26467.0,31591.0,0.16358227088079838,0.3989227852279099,0.3176235878402967,0.250882024715256,0,0.0,39,4,0.0,0.5880312931687999,0.4708708032891412,0.3813457203568814,1.56,0.2816666666666667,-0.7816666666666666,-0.85,0.8378019056060271,619372.63,992389.64,418925.22,-973123.6921640092,27490.0,0,-0.0,0.0,-0.98058630697113,-0.2991869485899562,-0.9633314010365223,-0.4273152186150353,0.1489928391998557,0.0986810849332705,0.31351008293400917,-0.5983082896025987,-0.20927369409057364,-0.7282234015670619,-0.24322240326673308,-1.601336155540141,-0.8445341919309396,0.6184407564599421,411.27840000000003,20.28,11.98
Narino,2010,1046.3711392835871,-0.6109329968777466,23506.0,31971.0,-0.16852350157139864,0.3989227852279099,0.3176235878402967,0.250882024715256,0,0.0,41,1,4.0,0.5880312931687999,0.4708708032891412,0.3813457203568814,1.5,-0.47500000000000003,0.2816666666666667,-1.64,0.7352288011009978,813140.14,619372.63,992389.64,-59852.0959324121,24596.0,0,-0.0,0.0,-0.0966334207122005,-0.98058630697113,-0.4141844972452943,-0.9633314010365223,-0.3053143774242063,0.1489928391998557,0.3343160992221801,-0.27204409846056704,-0.5983082896025987,-0.11364038541385847,-0.7282234015670619,-1.077147633047893,-1.601336155540141,0.4888370703521054,410.46760000000006,20.26,12.01
Narino,2010,1046.3711392835871,-1.2852755604930195,23506.0,31971.0,-0.16852350157139864,0.3989227852279099,0.3176235878402967,0.250882024715256,0,0.0,41,1,4.0,0.5880312931687999,0.4708708032891412,0.3813457203568814,1.5,-0.47500000000000003,0.2816666666666667,-1.64,0.7352288011009978,813140.14,619372.63,992389.64,-59852.0959324121,24596.0,0,-0.0,0.0,-0.0966334207122005,-0.98058630697113,-0.4141844972452943,-0.9633314010365223,-0.3053143774242063,0.1489928391998557,0.3343160992221801,-0.27204409846056704,-0.5983082896025987,-0.11364038541385847,-0.7282234015670619,-1.077147633047893,-1.601336155540141,0.4888370703521054,410.46760000000006,20.26,12.01
Narino,2011,992.2110035029879,-0.2738362226842028,24265.0,34422.0,0.12922094676876936,0.3989227852279099,0.3176235878402967,0.250882024715256,0,0.0,43,1,1.0,0.5880312931687999,0.4708708032891412,0.3813457203568814,-0.37,-0.775,-0.47500000000000003,-1.31,0.7049270815176341,999140.79,813140.14,619372.63,-47817.95853614691,24076.0,0,-0.0,0.0,-0.058806540452113094,-0.0966334207122005,-0.634887612429453,-0.4141844972452943,0.2667470519155298,-0.3053143774242063,0.7993300742956494,-0.1423157003220121,-0.27204409846056704,-0.1019374436792669,-0.11364038541385847,-1.2262277606711187,-1.077147633047893,0.6017310098190295,384.5521,19.61,12.24
Narino,2011,992.2110035029879,-0.7933400766220373,24265.0,34422.0,0.12922094676876936,0.3989227852279099,0.3176235878402967,0.250882024715256,0,0.0,43,1,1.0,0.5880312931687999,0.4708708032891412,0.3813457203568814,-0.37,-0.775,-0.47500000000000003,-1.31,0.7049270815176341,999140.79,813140.14,619372.63,-47817.95853614691,24076.0,0,-0.0,0.0,-0.058806540452113094,-0.0966334207122005,-0.634887612429453,-0.4141844972452943,0.2667470519155298,-0.3053143774242063,0.7993300742956494,-0.1423157003220121,-0.27204409846056704,-0.1019374436792669,-0.11364038541385847,-1.2262277606711187,-1.077147633047893,0.6017310098190295,384.5521,19.61,12.24
Narino,2012,1009.7817096414572,-0.2621572809231232,27807.0,36995.0,0.11029466774955939,0.3989227852279099,0.3176235878402967,0.250882024715256,0,0.0,43,3,1.0,0.5880312931687999,0.4708708032891412,0.3813457203568814,0.41,-0.06333333333333334,-0.775,-0.72,0.751642113799162,382672.19,999140.79,813140.14,-576792.1110704585,28079.0,1,-0.5772881227984482,0.15,-0.5772881227984482,-0.058806540452113094,-0.862523336851281,-0.634887612429453,0.3530002754830546,0.2667470519155298,0.4684643323370621,-0.36227039472222483,-0.1423157003220121,-0.3706278721530915,-0.1019374436792669,-1.4147150912480646,-1.2262277606711187,0.6289559195114108,415.75210000000004,20.39,12.08
Narino,2013,890.2442819355842,0.4051960353802837,32135.0,39289.0,0.02294379166574091,0.4088497922564074,0.2923388507852715,0.2323857540482874,0,0.0,37,0,3.0,0.6143296277602409,0.4269337945030469,0.3656951748064186,-0.1,-0.23416666666666666,-0.06333333333333334,-0.35,0.8179134108783629,1630651.68,382672.19,999140.79,-194177.82610113462,28608.0,1,-0.5074260193852462,0.15,-0.5074260193852462,-0.5772881227984482,-0.6385283411851417,-0.862523336851281,0.24216414049852159,0.3530002754830546,0.6125491929298336,-0.3012634066906221,-0.36227039472222483,-0.41332103078434884,-0.3706278721530915,-0.9744300737695719,-1.4147150912480646,0.478572164104237,404.01000000000005,20.1,11.81
Narino,2013,890.2442819355842,0.12601476208763174,32135.0,39289.0,0.02294379166574091,0.4088497922564074,0.2923388507852715,0.2323857540482874,0,0.0,37,0,3.0,0.6143296277602409,0.4269337945030469,0.3656951748064186,-0.1,-0.23416666666666666,-0.06333333333333334,-0.35,0.8179134108783629,1630651.68,382672.19,999140.79,-194177.82610113462,28608.0,1,-0.5074260193852462,0.15,-0.5074260193852462,-0.5772881227984482,-0.6385283411851417,-0.862523336851281,0.24216414049852159,0.3530002754830546,0.6125491929298336,-0.3012634066906221,-0.36227039472222483,-0.41332103078434884,-0.3706278721530915,-0.9744300737695719,-1.4147150912480646,0.478572164104237,404.01000000000005,20.1,11.81
Narino,2014,961.6197078337449,0.2788162593793082,33611.0,38860.0,0.07054584773338735,0.3738620381034764,0.3226019078156527,0.247660538018751,0,0.0,38,2,0.0,0.5480372840056,0.468278400766382,0.3361145367113997,0.77,0.205,-0.23416666666666666,-0.32,0.8649253731343284,949792.4,1630651.68,382672.19,-357566.5573058115,32321.0,1,-0.21927831779856966,0.15,-0.21927831779856966,-0.5074260193852462,-0.5325339920118292,-0.6385283411851417,0.01110115827508315,0.24216414049852159,0.8503111436370159,-0.24690371717843854,-0.3012634066906221,-0.1341358511924085,-0.41332103078434884,-1.2113332711574794,-0.9744300737695719,0.5826638899958054,418.6116,20.46,12.56
Narino,2014,961.6197078337449,0.018487880367196396,33611.0,38860.0,0.07054584773338735,0.3738620381034764,0.3226019078156527,0.247660538018751,0,0.0,38,2,0.0,0.5480372840056,0.468278400766382,0.3361145367113997,0.77,0.205,-0.23416666666666666,-0.32,0.8649253731343284,949792.4,1630651.68,382672.19,-357566.5573058115,32321.0,1,-0.21927831779856966,0.15,-0.21927831779856966,-0.5074260193852462,-0.5325339920118292,-0.6385283411851417,0.01110115827508315,0.24216414049852159,0.8503111436370159,-0.24690371717843854,-0.3012634066906221,-0.1341358511924085,-0.41332103078434884,-1.2113332711574794,-0.9744300737695719,0.5826638899958054,418.6116,20.46,12.56
Narino,2015,1093.227424749164,2.8679502459586033,33488.0,38850.0,-0.0506152620215799,0.3838256123289639,0.3411484042551346,0.2819947495286418,0,0.0,38,3,2.0,0.5936678377790188,0.5028599638876039,0.3883621695297783,2.75,1.5483333333333331,0.205,0.61,0.861981981981982,643896.21,949792.4,1630651.68,-936602.8325977055,36610.0,0,-0.0,0.0,-0.9861132102106792,-0.21927831779856966,-0.8442679175194974,-0.5325339920118292,-0.02619934461328345,0.01110115827508315,0.11353942628667626,-0.6188601574478201,-0.24690371717843854,-0.6048950392326597,-0.1341358511924085,-1.5664563865443673,-1.2113332711574794,0.5316831921407759,408.44410000000005,20.21,12.22
Narino,2016,1130.442748091603,-0.6126949153317263,32750.0,38753.0,-0.9582018104483746,0.4051356461737856,0.3030533040256077,0.2220718397127287,0,0.0,38,4,3.0,0.6374236366654423,0.4407680356328336,0.3221409326306427,2.63,0.42333333333333334,1.5483333333333331,-0.64,0.845095863546048,1116644.03,643896.21,949792.4,-374518.9074445865,37022.0,0,-0.0,0.0,-0.5816448390721022,-0.9861132102106792,-0.7511850179250161,-0.8442679175194974,-0.6758361166233949,-0.02619934461328345,-0.017815177878716983,-0.6695553245401711,-0.6188601574478201,-0.6291679664775218,-0.6048950392326597,-1.3643717719363684,-1.5664563865443673,0.4573297890229343,390.0625,19.75,12.57
Narino,2017,1040.608835245853,-0.24387771103065248,33638.0,38170.0,-0.2834450873886724,0.4529492996278093,0.3416962129252722,0.2484900812417464,0,0.0,38,0,4.0,0.7619015599817098,0.4973354578727617,0.3433457944178266,0.4,-0.11499999999999999,0.42333333333333334,-0.86,0.8812680115273775,2600000.0,1116644.03,643896.21,-439025.23902132193,35004.0,0,-0.0,0.0,-0.3931649005648845,-0.5816448390721022,-0.45400629475309395,-0.7511850179250161,0.43232313367031433,-0.6758361166233949,0.6301641200986776,-0.13828268721588807,-0.6695553245401711,-0.11993614351572021,-0.6291679664775218,-0.9665460987077598,-1.3643717719363684,0.5331005506701294,389.2729,19.73,12.67
Narino,2018,1066.0650790330774,-0.13888998612509162,33467.0,37621.0,0.015902509029827126,0.3961831776966458,0.3098548895986858,0.230988435312611,10,0.0,38,0,0.0,0.5532814193932719,0.4493093085884,0.321112814838451,0.97,0.09416666666666669,-0.11499999999999999,-0.77,0.8895829456952234,1389710.03,2600000.0,1116644.03,3639778.018032849,35678.0,0,0.0,0.0,1.3999146223203265,-0.3931649005648845,1.8710815870174549,-0.45400629475309395,1.1371611626766631,0.43232313367031433,2.1178515042943045,1.4693857906714813,-0.13828268721588807,1.358256980236178,-0.11993614351572021,0.7395891861045334,-0.9665460987077598,0.45250103843143785,411.68409999999994,20.29,11.86
Narino,2018,1066.0650790330774,0.8324663749908545,33467.0,37621.0,0.015902509029827126,0.3961831776966458,0.3098548895986858,0.230988435312611,10,0.0,38,0,0.0,0.5532814193932719,0.4493093085884,0.321112814838451,0.97,0.09416666666666669,-0.11499999999999999,-0.77,0.8895829456952234,1389710.03,2600000.0,1116644.03,3639778.018032849,35678.0,0,0.0,0.0,1.3999146223203265,-0.3931649005648845,1.8710815870174549,-0.45400629475309395,1.1371611626766631,0.43232313367031433,2.1178515042943045,1.4693857906714813,-0.13828268721588807,1.358256980236178,-0.11993614351572021,0.7395891861045334,-0.9665460987077598,0.45250103843143785,411.68409999999994,20.29,11.86
Quindio,2007,1277.4316720257234,-0.6879074128955374,19904.0,23570.0,-0.021357092515542474,0.4973114548464588,0.3961764247691292,0.2356197599360784,2,0.0,12,2,4.0,0.7709775794708189,0.5568377139228831,0.3227664221223836,0.66,-0.6075,0.07166666666666667,-1.6,0.8444633008061094,418925.22,592555.32,489962.82,-10700.404398628643,25426.0,0,-0.0,0.0,-0.018058068230032337,0.018611260963348253,-0.015370044561726026,-0.3970510463032611,-0.3126385750314557,-0.5155780408920978,1.3127063263979892,-0.115355562607738,-0.2980059420773368,0.2087811551086592,-0.2359318371078154,-1.4033359260532856,-1.2827276515734118,0.8641373927366427,980.9424,31.32,22.91
Quindio,2007,1277.4316720257234,-1.4167271733962146,19904.0,23570.0,-0.021357092515542474,0.4973114548464588,0.3961764247691292,0.2356197599360784,2,0.0,12,2,4.0,0.7709775794708189,0.5568377139228831,0.3227664221223836,0.66,-0.6075,0.07166666666666667,-1.6,0.8444633008061094,418925.22,592555.32,489962.82,-10700.404398628643,25426.0,0,-0.0,0.0,-0.018058068230032337,0.018611260963348253,-0.015370044561726026,-0.3970510463032611,-0.3126385750314557,-0.5155780408920978,1.3127063263979892,-0.115355562607738,-0.2980059420773368,0.2087811551086592,-0.2359318371078154,-1.4033359260532856,-1.2827276515734118,0.8641373927366427,980.9424,31.32,22.91
Quindio,2008,1209.391446528026,-0.5873965572122728,19571.0,23214.0,0.07007850428420083,0.4973114548464588,0.3961764247691292,0.2356197599360784,0,2.0,12,2,2.0,0.7709775794708189,0.5568377139228831,0.3227664221223836,-0.23,-0.7816666666666666,-0.6075,-1.64,0.843068837770311,992389.64,418925.22,592555.32,-42629.685493450335,23669.0,0,-0.0,0.0,-0.10175965412979991,-0.018058068230032337,0.2892425873498655,-0.015370044561726026,-0.6500373761281792,-0.3126385750314557,0.7479108529742543,-0.15418481430270453,-0.115355562607738,-0.039065487000882436,0.2087811551086592,-1.3706651024040135,-1.4033359260532856,0.6201528596667897,893.4121,29.89,22.84
Quindio,2008,1209.391446528026,-1.0046303992026644,19571.0,23214.0,0.07007850428420083,0.4973114548464588,0.3961764247691292,0.2356197599360784,0,2.0,12,2,2.0,0.7709775794708189,0.5568377139228831,0.3227664221223836,-0.23,-0.7816666666666666,-0.6075,-1.64,0.843068837770311,992389.64,418925.22,592555.32,-42629.685493450335,23669.0,0,-0.0,0.0,-0.10175965412979991,-0.018058068230032337,0.2892425873498655,-0.015370044561726026,-0.6500373761281792,-0.3126385750314557,0.7479108529742543,-0.15418481430270453,-0.115355562607738,-0.039065487000882436,0.2087811551086592,-1.3706651024040135,-1.4033359260532856,0.6201528596667897,893.4121,29.89,22.84
Quindio,2009,1153.9470921688012,-0.018137297953018106,19052.0,22863.0,0.12052112984661403,0.4973114548464588,0.3961764247691292,0.2356197599360784,0,0.0,12,4,2.0,0.7709775794708189,0.5568377139228831,0.3227664221223836,1.56,0.2816666666666667,-0.7816666666666666,-0.85,0.8333114639373661,619372.63,992389.64,418925.22,-1018711.3051666283,21985.0,0,-0.0,0.0,-1.0265235186923438,-0.10175965412979991,-0.6710002741507575,0.2892425873498655,-0.5468399281823573,-0.6500373761281792,0.23219635601309968,-0.7481212403418193,-0.15418481430270453,-0.8152190911154349,-0.039065487000882436,-1.6554575176214998,-1.3706651024040135,0.5420446753337018,938.1968999999999,30.63,22.9
Quindio,2009,1153.9470921688012,0.6969825040231079,19052.0,22863.0,0.12052112984661403,0.4973114548464588,0.3961764247691292,0.2356197599360784,0,0.0,12,4,2.0,0.7709775794708189,0.5568377139228831,0.3227664221223836,1.56,0.2816666666666667,-0.7816666666666666,-0.85,0.8333114639373661,619372.63,992389.64,418925.22,-1018711.3051666283,21985.0,0,-0.0,0.0,-1.0265235186923438,-0.10175965412979991,-0.6710002741507575,0.2892425873498655,-0.5468399281823573,-0.6500373761281792,0.23219635601309968,-0.7481212403418193,-0.15418481430270453,-0.8152190911154349,-0.039065487000882436,-1.6554575176214998,-1.3706651024040135,0.5420446753337018,938.1968999999999,30.63,22.9
Quindio,2010,1160.0308387025718,-0.6109329968777466,18159.0,22440.0,-0.21072081602961243,0.4973114548464588,0.3961764247691292,0.2356197599360784,3,0.0,12,2,4.0,0.7709775794708189,0.5568377139228831,0.3227664221223836,1.5,-0.47500000000000003,0.2816666666666667,-1.64,0.8092245989304813,813140.14,619372.63,992389.64,81718.56453052833,21065.0,0,0.0,0.0,0.13193764233742186,-1.0265235186923438,0.8678348858711123,-0.6710002741507575,-0.25270427088265446,-0.5468399281823573,1.6746103175344287,0.2490227524419599,-0.7481212403418193,0.38831954413104663,-0.8152190911154349,-1.848361640684715,-1.6554575176214998,0.9728887443396806,933.3025,30.55,23.1
Quindio,2010,1160.0308387025718,-1.2852755604930195,18159.0,22440.0,-0.21072081602961243,0.4973114548464588,0.3961764247691292,0.2356197599360784,3,0.0,12,2,4.0,0.7709775794708189,0.5568377139228831,0.3227664221223836,1.5,-0.47500000000000003,0.2816666666666667,-1.64,0.8092245989304813,813140.14,619372.63,992389.64,81718.56453052833,21065.0,0,0.0,0.0,0.13193764233742186,-1.0265235186923438,0.8678348858711123,-0.6710002741507575,-0.25270427088265446,-0.5468399281823573,1.6746103175344287,0.2490227524419599,-0.7481212403418193,0.38831954413104663,-0.8152190911154349,-1.848361640684715,-1.6554575176214998,0.9728887443396806,933.3025,30.55,23.1
Quindio,2011,1033.4657398212512,-0.2738362226842028,20140.0,31081.0,-0.11828580740993096,0.4973114548464588,0.3961764247691292,0.2356197599360784,3,3.0,12,0,2.0,0.7709775794708189,0.5568377139228831,0.3227664221223836,-0.37,-0.775,-0.47500000000000003,-1.31,0.6479842990894759,999140.79,813140.14,619372.63,577338.9941304204,20814.0,0,0.0,0.0,0.7100116766224581,0.13193764233742186,-0.02761570438845698,0.8678348858711123,0.3274840979963515,-0.25270427088265446,1.296634432325003,0.3366266900767842,0.2490227524419599,0.371045823160341,0.38831954413104663,-0.7587484248167282,-1.848361640684715,0.7068302642627688,985.3321000000001,31.39,22.83
Quindio,2011,1033.4657398212512,-0.7933400766220373,20140.0,31081.0,-0.11828580740993096,0.4973114548464588,0.3961764247691292,0.2356197599360784,3,3.0,12,0,2.0,0.7709775794708189,0.5568377139228831,0.3227664221223836,-0.37,-0.775,-0.47500000000000003,-1.31,0.6479842990894759,999140.79,813140.14,619372.63,577338.9941304204,20814.0,0,0.0,0.0,0.7100116766224581,0.13193764233742186,-0.02761570438845698,0.8678348858711123,0.3274840979963515,-0.25270427088265446,1.296634432325003,0.3366266900767842,0.2490227524419599,0.371045823160341,0.38831954413104663,-0.7587484248167282,-1.848361640684715,0.7068302642627688,985.3321000000001,31.39,22.83
Quindio,2012,854.0502131691142,-0.2621572809231232,21110.0,30181.0,-0.26088568480950775,0.4973114548464588,0.3961764247691292,0.2356197599360784,0,3.0,12,3,0.0,0.7709775794708189,0.5568377139228831,0.3227664221223836,0.41,-0.06333333333333334,-0.775,-0.72,0.6994466717471257,382672.19,999140.79,813140.14,-511716.7810048775,18029.0,1,-0.5121568312758781,0.12,-0.5121568312758781,0.7100116766224581,-0.729241377112086,-0.02761570438845698,0.03616587603031984,0.3274840979963515,0.9146116140595794,-0.40174411078588146,0.3366266900767842,-0.34554775442563856,0.371045823160341,-1.3638083762862667,-0.7587484248167282,0.6744849835801473,945.5625,30.75,22.98
Quindio,2013,971.5592868597303,0.4051960353802837,21202.0,28878.0,0.025443793683105828,0.4904741955053049,0.3768307591796404,0.2881558840854733,0,0.0,12,1,3.0,0.7596862849733484,0.5302121766954625,0.3695642928148844,-0.1,-0.23416666666666666,-0.06333333333333334,-0.35,0.7341921185677679,1630651.68,382672.19,999140.79,-47157.07107025862,20599.0,1,-0.12323098542974503,0.12,-0.12323098542974503,-0.5121568312758781,-0.17433865610834356,-0.729241377112086,-0.3971933502955991,0.03616587603031984,0.6739239957123542,-0.23158766394456257,-0.40174411078588146,-0.03361192366614629,-0.34554775442563856,-1.4931053549469406,-1.3638083762862667,0.5689241737249957,914.4576,30.24,22.86
Quindio,2013,971.5592868597303,0.12601476208763174,21202.0,28878.0,0.025443793683105828,0.4904741955053049,0.3768307591796404,0.2881558840854733,0,0.0,12,1,3.0,0.7596862849733484,0.5302121766954625,0.3695642928148844,-0.1,-0.23416666666666666,-0.06333333333333334,-0.35,0.7341921185677679,1630651.68,382672.19,999140.79,-47157.07107025862,20599.0,1,-0.12323098542974503,0.12,-0.12323098542974503,-0.5121568312758781,-0.17433865610834356,-0.729241377112086,-0.3971933502955991,0.03616587603031984,0.6739239957123542,-0.23158766394456257,-0.40174411078588146,-0.03361192366614629,-0.34554775442563856,-1.4931053549469406,-1.3638083762862667,0.5689241737249957,914.4576,30.24,22.86
Quindio,2014,1049.203242941012,0.2788162593793082,21462.0,27672.0,0.0542301113070184,0.5038040127397087,0.4122933370459177,0.2431899592276821,0,0.0,12,1,1.0,0.7725383412336337,0.5775100154738181,0.3039094056246615,0.77,0.205,-0.23416666666666666,-0.32,0.7755854293148309,949792.4,1630651.68,382672.19,-275576.37168763863,22518.0,1,-0.16899769280441218,0.12,-0.16899769280441218,-0.12323098542974503,-0.4802961569603937,-0.17433865610834356,-0.32645039959436517,-0.3971933502955991,0.6726985523338016,-0.3252480831197237,-0.23158766394456257,-0.12929940160878683,-0.03361192366614629,-1.4004754925722762,-1.4931053549469406,0.6422382762761041,957.9024999999999,30.95,23.1
Quindio,2014,1049.203242941012,0.018487880367196396,21462.0,27672.0,0.0542301113070184,0.5038040127397087,0.4122933370459177,0.2431899592276821,0,0.0,12,1,1.0,0.7725383412336337,0.5775100154738181,0.3039094056246615,0.77,0.205,-0.23416666666666666,-0.32,0.7755854293148309,949792.4,1630651.68,382672.19,-275576.37168763863,22518.0,1,-0.16899769280441218,0.12,-0.16899769280441218,-0.12323098542974503,-0.4802961569603937,-0.17433865610834356,-0.32645039959436517,-0.3971933502955991,0.6726985523338016,-0.3252480831197237,-0.23158766394456257,-0.12929940160878683,-0.03361192366614629,-1.4004754925722762,-1.4931053549469406,0.6422382762761041,957.9024999999999,30.95,23.1
Quindio,2015,1148.9856690861716,2.8679502459586033,21492.0,27025.0,-0.06667585703954336,0.4879850397428373,0.4141643150246991,0.3335883502051442,0,0.0,12,6,1.0,0.7364421461659597,0.5903304162855489,0.4585786172520935,2.75,1.5483333333333331,0.205,0.61,0.795263644773358,643896.21,949792.4,1630651.68,-874465.0814140205,24694.0,0,-0.0,0.0,-0.9206907545417509,-0.16899769280441218,-1.3543612672994316,-0.4802961569603937,-0.4066499465970844,-0.32645039959436517,0.1923644061024444,-0.8939006561460889,-0.3252480831197237,-0.8920455850983163,-0.12929940160878683,-1.8895917212794169,-1.4004754925722762,0.6671452553441534,954.1921,30.89,22.93
Quindio,2016,1187.1756487025948,-0.6126949153317263,20040.0,25685.0,-1.3840561825995275,0.5078599521412152,0.4038831106551644,0.3104516301713235,0,0.0,12,3,6.0,0.7671352296230247,0.5742671960458413,0.4324745260131024,2.63,0.42333333333333334,1.5483333333333331,-0.64,0.780221919408215,1116644.03,643896.21,949792.4,205599.9433272013,23791.0,0,0.0,0.0,0.3193060312114608,-0.9206907545417509,-0.6314172621429583,-1.3543612672994316,-1.0315159667054905,-0.4066499465970844,0.7358847420861867,-0.44787573254566276,-0.8939006561460889,-0.2771946730681963,-0.8920455850983163,-2.2676060798765563,-1.8895917212794169,0.8861817693652899,977.1876000000001,31.26,23.25
Quindio,2017,1061.5819209039548,-0.24387771103065248,17700.0,23756.0,-0.1896007267776639,0.5168908118263377,0.3896265986962984,0.2696770931608713,1,0.0,12,1,3.0,0.6973674416567732,0.5322713111396496,0.3664577734671608,0.4,-0.11499999999999999,0.42333333333333334,-0.86,0.7450749284391311,2600000.0,1116644.03,643896.21,-114734.41121018458,18790.0,0,-0.0,0.0,-0.10274931681691307,0.3193060312114608,-0.15651013332150582,-0.6314172621429583,-0.03930646648235597,-1.0315159667054905,1.1325194221473716,-0.09952197220692495,-0.44787573254566276,-0.14947920851308083,-0.2771946730681963,-1.1218389489834384,-2.2676060798765563,0.6359839339734648,913.2484,30.22,23.41
Quindio,2018,1083.2366412213742,-0.13888998612509162,16375.0,21747.0,0.011445026803796369,0.4945566158779528,0.392890483504918,0.2708762569087887,5,1.0,12,1,1.0,0.7642157622652765,0.5519346516557,0.3465917824060976,0.97,0.09416666666666669,-0.11499999999999999,-0.77,0.7529774221731733,1389710.03,2600000.0,1116644.03,3634580.370173092,17738.0,0,0.0,0.0,1.3979155269896508,-0.10274931681691307,0.12089919943991795,-0.15651013332150582,0.6210536243262387,-0.03930646648235597,2.0766592147968264,0.7132894502519358,-0.09952197220692495,0.8358159405024231,-0.14947920851308083,-1.0076929842342395,-1.1218389489834384,0.8971485726372737,973.4399999999999,31.2,22.56
Quindio,2018,1083.2366412213742,0.8324663749908545,16375.0,21747.0,0.011445026803796369,0.4945566158779528,0.392890483504918,0.2708762569087887,5,1.0,12,1,1.0,0.7642157622652765,0.5519346516557,0.3465917824060976,0.97,0.09416666666666669,-0.11499999999999999,-0.77,0.7529774221731733,1389710.03,2600000.0,1116644.03,3634580.370173092,17738.0,0,0.0,0.0,1.3979155269896508,-0.10274931681691307,0.12089919943991795,-0.15651013332150582,0.6210536243262387,-0.03930646648235597,2.0766592147968264,0.7132894502519358,-0.09952197220692495,0.8358159405024231,-0.14947920851308083,-1.0076929842342395,-1.1218389489834384,0.8971485726372737,973.4399999999999,31.2,22.56
