departamento,year,spi3_mean,spi3_median,spi3_min,spi3_max,spi3_std,n_sequia_e9,n_exceso_e9,spi3_floracion,spi3_desarrollo,spi3_cosecha,spi3_mean_lag1,spi3_min_lag1,spi3_median_lag1,n_sequia_e9_lag1,n_exceso_e9_lag1,spi3_floracion_lag1,spi3_desarrollo_lag1,spi3_cosecha_lag1
Narino,2000,-1.132106250166758,-1.2543020906869695,-2.1093169021164746,0.06171247348306714,0.634614997975198,8,0,-0.96894885783897,-0.9990900353841531,-1.4282798572771518,,,,,,,,
Narino,2001,-1.1545118924339466,-1.0477653042150246,-2.2706903893921293,-0.45444033055248806,0.5251257799405369,6,0,-1.5762828857049482,-1.2524433861998243,-0.6348094053970676,-1.132106250166758,-2.1093169021164746,-1.2543020906869695,8.0,0.0,-0.96894885783897,-0.9990900353841531,-1.4282798572771518
Narino,2002,-0.5257269408544872,-0.40686123610889724,-1.7649998756989436,0.22134324778186482,0.6415298878527556,3,0,-0.10224100444393708,-1.1700553626034473,-0.3048844555160771,-1.1545118924339466,-2.2706903893921293,-1.0477653042150246,6.0,0.0,-1.5762828857049482,-1.2524433861998243,-0.6348094053970676
Narino,2003,-0.6524851971684761,-0.5412061349150692,-1.6071731163617327,0.18647094878906864,0.4742472313997087,3,0,-0.824284745718662,-0.727473035637842,-0.40569781014892403,-0.5257269408544872,-1.7649998756989436,-0.40686123610889724,3.0,0.0,-0.10224100444393708,-1.1700553626034473,-0.3048844555160771
Narino,2004,-0.566659328471152,-0.5436809115858701,-1.4726568873499986,0.4037973882769898,0.5526011078492172,3,0,-0.6362183279718533,-0.5478680972919036,-0.515891560149699,-0.6524851971684761,-1.6071731163617327,-0.5412061349150692,3.0,0.0,-0.824284745718662,-0.727473035637842,-0.40569781014892403
Narino,2005,-0.5415572160762009,-0.4398071024419945,-1.620205106312814,0.27914117170444586,0.6026820843298799,3,0,-0.39959219701342324,-1.0340330086058882,-0.1910464426092913,-0.566659328471152,-1.4726568873499986,-0.5436809115858701,3.0,0.0,-0.6362183279718533,-0.5478680972919036,-0.515891560149699
Narino,2006,-0.28623262586586967,-0.180142258772103,-1.0100382312875251,0.37123305433206544,0.4959925599638934,1,0,0.03999392602446541,-0.8385866049863143,-0.060105198635760186,-0.5415572160762009,-1.620205106312814,-0.4398071024419945,3.0,0.0,-0.39959219701342324,-1.0340330086058882,-0.1910464426092913
Narino,2007,-0.2214412088417479,-0.25491248143818235,-1.0259086048726842,0.6399159905059914,0.49594492528054945,1,0,-0.19631231406225144,-0.3609924665595361,-0.10701884590345605,-0.28623262586586967,-1.0100382312875251,-0.180142258772103,1.0,0.0,0.03999392602446541,-0.8385866049863143,-0.060105198635760186
Narino,2008,-0.20927369409057364,-0.24322240326673308,-0.8445341919309396,0.49734917533820694,0.3961764287910454,0,0,0.0986810849332705,-0.4273152186150353,-0.2991869485899562,-0.2214412088417479,-1.0259086048726842,-0.25491248143818235,1.0,0.0,-0.19631231406225144,-0.3609924665595361,-0.10701884590345605
Narino,2009,-0.5983082896025987,-0.7282234015670619,-1.601336155540141,0.31351008293400917,0.6184407564599421,4,0,0.1489928391998557,-0.9633314010365223,-0.98058630697113,-0.20927369409057364,-0.8445341919309396,-0.24322240326673308,0.0,0.0,0.0986810849332705,-0.4273152186150353,-0.2991869485899562
Narino,2010,-0.27204409846056704,-0.11364038541385847,-1.077147633047893,0.3343160992221801,0.4888370703521054,1,0,-0.3053143774242063,-0.4141844972452943,-0.0966334207122005,-0.5983082896025987,-1.601336155540141,-0.7282234015670619,4.0,0.0,0.1489928391998557,-0.9633314010365223,-0.98058630697113
Narino,2011,-0.1423157003220121,-0.1019374436792669,-1.2262277606711187,0.7993300742956494,0.6017310098190295,1,0,0.2667470519155298,-0.634887612429453,-0.058806540452113094,-0.27204409846056704,-1.077147633047893,-0.11364038541385847,1.0,0.0,-0.3053143774242063,-0.4141844972452943,-0.0966334207122005
Narino,2012,-0.36227039472222483,-0.3706278721530915,-1.4147150912480646,0.4684643323370621,0.6289559195114108,3,0,0.3530002754830546,-0.862523336851281,-0.5772881227984482,-0.1423157003220121,-1.2262277606711187,-0.1019374436792669,1.0,0.0,0.2667470519155298,-0.634887612429453,-0.058806540452113094
Narino,2013,-0.3012634066906221,-0.41332103078434884,-0.9744300737695719,0.6125491929298336,0.478572164104237,0,0,0.24216414049852159,-0.6385283411851417,-0.5074260193852462,-0.36227039472222483,-1.4147150912480646,-0.3706278721530915,3.0,0.0,0.3530002754830546,-0.862523336851281,-0.5772881227984482
Narino,2014,-0.24690371717843854,-0.1341358511924085,-1.2113332711574794,0.8503111436370159,0.5826638899958054,2,0,0.01110115827508315,-0.5325339920118292,-0.21927831779856966,-0.3012634066906221,-0.9744300737695719,-0.41332103078434884,0.0,0.0,0.24216414049852159,-0.6385283411851417,-0.5074260193852462
Narino,2015,-0.6188601574478201,-0.6048950392326597,-1.5664563865443673,0.11353942628667626,0.5316831921407759,3,0,-0.02619934461328345,-0.8442679175194974,-0.9861132102106792,-0.24690371717843854,-1.2113332711574794,-0.1341358511924085,2.0,0.0,0.01110115827508315,-0.5325339920118292,-0.21927831779856966
Narino,2016,-0.6695553245401711,-0.6291679664775218,-1.3643717719363684,-0.017815177878716983,0.4573297890229343,4,0,-0.6758361166233949,-0.7511850179250161,-0.5816448390721022,-0.6188601574478201,-1.5664563865443673,-0.6048950392326597,3.0,0.0,-0.02619934461328345,-0.8442679175194974,-0.9861132102106792
Narino,2017,-0.13828268721588807,-0.11993614351572021,-0.9665460987077598,0.6301641200986776,0.5331005506701294,0,0,0.43232313367031433,-0.45400629475309395,-0.3931649005648845,-0.6695553245401711,-1.3643717719363684,-0.6291679664775218,4.0,0.0,-0.6758361166233949,-0.7511850179250161,-0.5816448390721022
Narino,2018,1.4693857906714813,1.358256980236178,0.7395891861045334,2.1178515042943045,0.45250103843143785,0,10,1.1371611626766631,1.8710815870174549,1.3999146223203265,-0.13828268721588807,-0.9665460987077598,-0.11993614351572021,0.0,0.0,0.43232313367031433,-0.45400629475309395,-0.3931649005648845
Narino,2019,1.6774928717971276,1.6466194656125976,0.6831287818998091,2.5448229030707084,0.545785921699629,0,10,1.6694463385779241,2.107641677939165,1.255390598874294,1.4693857906714813,0.7395891861045334,1.358256980236178,0.0,10.0,1.1371611626766631,1.8710815870174549,1.3999146223203265
Narino,2020,1.0194234243143538,1.217432692746621,-0.10655942759273483,1.9066285785825638,0.6521727684051581,0,7,1.4637517106347708,0.9234845058882015,0.6710340564200892,1.6774928717971276,0.6831287818998091,1.6466194656125976,0.0,10.0,1.6694463385779241,2.107641677939165,1.255390598874294
Narino,2021,1.4879423463670791,1.6892885447809531,0.28849250028355444,2.2389624110384796,0.5633923346589258,0,9,1.8364420287086471,1.4404659395890442,1.1869190708035453,1.0194234243143538,-0.10655942759273483,1.217432692746621,0.0,7.0,1.4637517106347708,0.9234845058882015,0.6710340564200892
Narino,2022,1.1386274456332777,1.196709984023487,-0.10125178333641488,1.9328077821448097,0.6499571837687154,0,7,1.837373115294576,0.6898112492589196,0.8886979723463375,1.4879423463670791,0.28849250028355444,1.6892885447809531,0.0,9.0,1.8364420287086471,1.4404659395890442,1.1869190708035453
Narino,2023,1.0484624207880262,1.230591415386801,0.05220096735314873,2.0554643618793116,0.5799445255469365,0,7,1.3755636665504993,0.8670110182628967,0.902812577550683,1.1386274456332777,-0.10125178333641488,1.196709984023487,0.0,7.0,1.837373115294576,0.6898112492589196,0.8886979723463375
Narino,2024,0.7666220670969265,1.1298428237838625,-0.6799476537107653,1.7928521488024547,0.8549170817857809,0,7,1.4792374394314813,0.6629893970859102,0.1576393647733878,1.0484624207880262,0.05220096735314873,1.230591415386801,0.0,7.0,1.3755636665504993,0.8670110182628967,0.902812577550683
Quindio,2000,-1.1485860800464824,-0.9276611162409388,-2.1948145574283475,-0.4674534319687882,0.5753653867144392,6,0,-1.3645722534038047,-0.8139519824006447,-1.2672340043349979,,,,,,,,
Quindio,2001,-0.9380954010005068,-0.7937310859917528,-2.5533441507739547,0.039854474327998456,0.7449673802300624,5,0,-1.3705200370323316,-0.8778997219377398,-0.5658664440314491,-1.1485860800464824,-2.1948145574283475,-0.9276611162409388,6.0,0.0,-1.3645722534038047,-0.8139519824006447,-1.2672340043349979
Quindio,2002,0.03393813975580451,0.27635569837678,-1.3134954548051514,0.9496976512235138,0.692647059271904,2,0,-0.1342076948383631,0.35908342870826837,-0.12306131460249167,-0.9380954010005068,-2.5533441507739547,-0.7937310859917528,5.0,0.0,-1.3705200370323316,-0.8778997219377398,-0.5658664440314491
Quindio,2003,-0.5860628013549412,-0.7068995138758352,-1.240211961896386,0.2760557200675939,0.597322683355377,6,0,-0.47119985445153223,-0.8124539296365505,-0.47453461997674085,0.03393813975580451,-1.3134954548051514,0.27635569837678,2.0,0.0,-0.1342076948383631,0.35908342870826837,-0.12306131460249167
Quindio,2004,-0.6293152162580844,-0.3949310145418275,-2.2272457678782573,0.5987089344901821,0.8994159281445243,4,0,-1.0419217813509951,-0.4985377059136369,-0.34748616150962097,-0.5860628013549412,-1.240211961896386,-0.7068995138758352,6.0,0.0,-0.47119985445153223,-0.8124539296365505,-0.47453461997674085
Quindio,2005,-0.2236174238748735,-0.07743612702687243,-1.6059810267003694,1.1168218919824802,0.8182682642964033,3,1,-0.9682327802888244,-0.3053973408634847,0.6027778495276886,-0.6293152162580844,-2.2272457678782573,-0.3949310145418275,4.0,0.0,-1.0419217813509951,-0.4985377059136369,-0.34748616150962097
Quindio,2006,-0.2980059420773368,-0.2359318371078154,-1.2827276515734118,0.6600613191518995,0.6614862058584114,4,0,-0.5155780408920978,-0.3970510463032611,0.018611260963348253,-0.2236174238748735,-1.6059810267003694,-0.07743612702687243,3.0,1.0,-0.9682327802888244,-0.3053973408634847,0.6027778495276886
Quindio,2007,-0.115355562607738,0.2087811551086592,-1.4033359260532856,1.3127063263979892,0.8641373927366427,2,2,-0.3126385750314557,-0.015370044561726026,-0.018058068230032337,-0.2980059420773368,-1.2827276515734118,-0.2359318371078154,4.0,0.0,-0.5155780408920978,-0.3970510463032611,0.018611260963348253
Quindio,2008,-0.15418481430270453,-0.039065487000882436,-1.3706651024040135,0.7479108529742543,0.6201528596667897,2,0,-0.6500373761281792,0.2892425873498655,-0.10175965412979991,-0.115355562607738,-1.4033359260532856,0.2087811551086592,2.0,2.0,-0.3126385750314557,-0.015370044561726026,-0.018058068230032337
Quindio,2009,-0.7481212403418193,-0.8152190911154349,-1.6554575176214998,0.23219635601309968,0.5420446753337018,4,0,-0.5468399281823573,-0.6710002741507575,-1.0265235186923438,-0.15418481430270453,-1.3706651024040135,-0.039065487000882436,2.0,0.0,-0.6500373761281792,0.2892425873498655,-0.10175965412979991
Quindio,2010,0.2490227524419599,0.38831954413104663,-1.848361640684715,1.6746103175344287,0.9728887443396806,2,3,-0.25270427088265446,0.8678348858711123,0.13193764233742186,-0.7481212403418193,-1.6554575176214998,-0.8152190911154349,4.0,0.0,-0.5468399281823573,-0.6710002741507575,-1.0265235186923438
Quindio,2011,0.3366266900767842,0.371045823160341,-0.7587484248167282,1.296634432325003,0.7068302642627688,0,3,0.3274840979963515,-0.02761570438845698,0.7100116766224581,0.2490227524419599,-1.848361640684715,0.38831954413104663,2.0,3.0,-0.25270427088265446,0.8678348858711123,0.13193764233742186
Quindio,2012,-0.40174411078588146,-0.34554775442563856,-1.3638083762862667,0.9146116140595794,0.6744849835801473,3,0,0.03616587603031984,-0.729241377112086,-0.5121568312758781,0.3366266900767842,-0.7587484248167282,0.371045823160341,0.0,3.0,0.3274840979963515,-0.02761570438845698,0.7100116766224581
Quindio,2013,-0.23158766394456257,-0.03361192366614629,-1.4931053549469406,0.6739239957123542,0.5689241737249957,1,0,-0.3971933502955991,-0.17433865610834356,-0.12323098542974503,-0.40174411078588146,-1.3638083762862667,-0.34554775442563856,3.0,0.0,0.03616587603031984,-0.729241377112086,-0.5121568312758781
Quindio,2014,-0.3252480831197237,-0.12929940160878683,-1.4004754925722762,0.6726985523338016,0.6422382762761041,1,0,-0.32645039959436517,-0.4802961569603937,-0.16899769280441218,-0.23158766394456257,-1.4931053549469406,-0.03361192366614629,1.0,0.0,-0.3971933502955991,-0.17433865610834356,-0.12323098542974503
Quindio,2015,-0.8939006561460889,-0.8920455850983163,-1.8895917212794169,0.1923644061024444,0.6671452553441534,6,0,-0.4066499465970844,-1.3543612672994316,-0.9206907545417509,-0.3252480831197237,-1.4004754925722762,-0.12929940160878683,1.0,0.0,-0.32645039959436517,-0.4802961569603937,-0.16899769280441218
Quindio,2016,-0.44787573254566276,-0.2771946730681963,-2.2676060798765563,0.7358847420861867,0.8861817693652899,3,0,-1.0315159667054905,-0.6314172621429583,0.3193060312114608,-0.8939006561460889,-1.8895917212794169,-0.8920455850983163,6.0,0.0,-0.4066499465970844,-1.3543612672994316,-0.9206907545417509
Quindio,2017,-0.09952197220692495,-0.14947920851308083,-1.1218389489834384,1.1325194221473716,0.6359839339734648,1,1,-0.03930646648235597,-0.15651013332150582,-0.10274931681691307,-0.44787573254566276,-2.2676060798765563,-0.2771946730681963,3.0,0.0,-1.0315159667054905,-0.6314172621429583,0.3193060312114608
Quindio,2018,0.7132894502519358,0.8358159405024231,-1.0076929842342395,2.0766592147968264,0.8971485726372737,1,5,0.6210536243262387,0.12089919943991795,1.3979155269896508,-0.09952197220692495,-1.1218389489834384,-0.14947920851308083,1.0,1.0,-0.03930646648235597,-0.15651013332150582,-0.10274931681691307
Quindio,2019,0.8764966394840418,0.957163272622069,-1.0945951407534638,2.358713592347851,1.0863219825500978,2,6,1.369861382905695,0.08587504048499345,1.1737534950614372,0.7132894502519358,-1.0076929842342395,0.8358159405024231,1.0,5.0,0.6210536243262387,0.12089919943991795,1.3979155269896508
Quindio,2020,0.9867730287709168,1.0355341772781896,0.055012040630488826,1.514152793217869,0.42652455772383874,0,7,0.5162847883396603,1.098113814514468,1.345920483458622,0.8764966394840418,-1.0945951407534638,0.957163272622069,2.0,6.0,1.369861382905695,0.08587504048499345,1.1737534950614372
Quindio,2021,1.480335390247747,1.5113170409938057,0.35987917329941893,2.2494193478509303,0.538705368580019,0,10,1.4052609470582125,1.5953291582715485,1.4404160654134788,0.9867730287709168,0.055012040630488826,1.0355341772781896,0.0,7.0,0.5162847883396603,1.098113814514468,1.345920483458622
Quindio,2022,1.0102283515816781,0.9903571362060245,-0.35551343076504466,1.7840184199167002,0.6489704291698914,0,6,1.1841994855198585,0.5879262718318216,1.2585592973933544,1.480335390247747,0.35987917329941893,1.5113170409938057,0.0,10.0,1.4052609470582125,1.5953291582715485,1.4404160654134788
Quindio,2023,0.6925591689185705,0.6429747544759379,0.01571588415545208,1.5264414739932146,0.5421115317657186,0,5,0.9620929710612606,0.15323781286353474,0.9623467228309164,1.0102283515816781,-0.35551343076504466,0.9903571362060245,0.0,6.0,1.1841994855198585,0.5879262718318216,1.2585592973933544
Quindio,2024,0.853749915948709,0.897174335815146,-0.4585420798662971,2.226116216702112,0.7974350537160596,0,6,0.7748840807803778,1.0400433074505109,0.7463223596152384,0.6925591689185705,0.01571588415545208,0.6429747544759379,0.0,5.0,0.9620929710612606,0.15323781286353474,0.9623467228309164
